,industry_freq,sub_freq,type_freq,city_freq,Actual_Funded,industry_vertical,sub_vertical,city_location,investment_type,funded_prediction
2790,0.000380517503805175,0.1997716894977169,0.4585235920852359,0.10235920852359208,True,hyperlocalmobilemarketplace,unknown,gurgaon,privateequity,True
1079,0.11377473363774733,0.00076103500761035,0.4284627092846271,0.14117199391171995,True,ecommerce,onlineteaetailer,newdelhi,seedfunding,True
2078,0.3569254185692542,0.000380517503805175,0.4585235920852359,0.3002283105022831,False,consumerinternet,dealdiscoveryapp,bangalore,privateequity,True
2105,0.18188736681887366,0.000380517503805175,0.4284627092846271,0.03576864535768645,False,technology,codingskillshowcase&resumebuilder,hyderabad,seedfunding,True
1954,0.3569254185692542,0.000380517503805175,0.4284627092846271,0.3002283105022831,True,consumerinternet,onlinehouseholdproductrentalplatform,bangalore,seedfunding,True
1224,0.3569254185692542,0.000380517503805175,0.4284627092846271,0.10235920852359208,True,consumerinternet,"onlinefood,groceryordering&delivery",gurgaon,seedfunding,True
1426,0.18188736681887366,0.000380517503805175,0.4284627092846271,0.000380517503805175,True,technology,travelticketbookingsoftware,kerala,seedfunding,False
2766,0.001141552511415525,0.1997716894977169,0.4585235920852359,0.1997716894977169,True,onlineeducationplatform,unknown,mumbai,privateequity,True
1197,0.18188736681887366,0.000380517503805175,0.4284627092846271,0.14117199391171995,True,technology,aibasedsoftwareasaservicesolutionprovider,newdelhi,seedfunding,False
1646,0.3569254185692542,0.00076103500761035,0.4585235920852359,0.3002283105022831,True,consumerinternet,onlineticketbookingplatform,bangalore,privateequity,True
942,0.3569254185692542,0.000380517503805175,0.4585235920852359,0.1997716894977169,True,consumerinternet,gadgetinsurance&repairservicesplatform,mumbai,privateequity,True
1873,0.3569254185692542,0.000380517503805175,0.4284627092846271,0.1997716894977169,True,consumerinternet,doctordiscoveryandbookingplatform,mumbai,seedfunding,True
710,0.3569254185692542,0.001141552511415525,0.4284627092846271,0.3002283105022831,False,consumerinternet,healthyfooddeliveryplatform,bangalore,seedfunding,False
1135,0.11377473363774733,0.00076103500761035,0.4585235920852359,0.14117199391171995,True,ecommerce,fashionappareletailer,newdelhi,privateequity,True
158,0.3569254185692542,0.000380517503805175,0.4585235920852359,0.1997716894977169,True,consumerinternet,onlinegamingplatform,mumbai,privateequity,True
2048,0.3569254185692542,0.00076103500761035,0.4284627092846271,0.10235920852359208,True,consumerinternet,carpoolingmobileapp,gurgaon,seedfunding,True
123,0.00076103500761035,0.00076103500761035,0.4284627092846271,0.00076103500761035,True,onlinemarketplace,ecommerce,nagpur,seedfunding,True
1219,0.3569254185692542,0.000380517503805175,0.4284627092846271,0.10235920852359208,False,consumerinternet,onlinetravelportal,gurgaon,seedfunding,True
2298,0.000380517503805175,0.1997716894977169,0.4585235920852359,0.011035007610350075,True,fashionjewelryandaccessoriesetailer,unknown,jaipur,privateequity,True
568,0.18188736681887366,0.000380517503805175,0.4284627092846271,0.14117199391171995,False,technology,credit+paymentmobileapp,newdelhi,seedfunding,False
2658,0.000380517503805175,0.1997716894977169,0.4284627092846271,0.3002283105022831,True,educationalboardgames,unknown,bangalore,seedfunding,True
876,0.18188736681887366,0.000380517503805175,0.4284627092846271,0.3002283105022831,True,technology,saasplatformforsmes,bangalore,seedfunding,False
290,0.007229832572298325,0.000380517503805175,0.04946727549467275,0.01293759512937595,True,edtech,mobilebasededucationnetwork,delhi,seed/angelfunding,True
549,0.3569254185692542,0.001141552511415525,0.4585235920852359,0.14117199391171995,True,consumerinternet,onlineinsuranceaggregator,newdelhi,privateequity,True
1413,0.3569254185692542,0.000380517503805175,0.4284627092846271,0.3002283105022831,True,consumerinternet,doctor&clinicdiscoveryplatform,bangalore,seedfunding,True
2729,0.000380517503805175,0.1997716894977169,0.4585235920852359,0.14117199391171995,True,mobilechatbasedconciergeservice,unknown,newdelhi,privateequity,True
745,0.18188736681887366,0.000380517503805175,0.4585235920852359,0.14117199391171995,False,technology,locationtrackingsolutions,newdelhi,privateequity,True
918,0.18188736681887366,0.000380517503805175,0.4284627092846271,0.04033485540334855,False,technology,softwaresolutionsforautodealership,pune,seedfunding,False
1499,0.3569254185692542,0.0015220700152207,0.4585235920852359,0.3002283105022831,False,consumerinternet,onlinepaymentgateway,bangalore,privateequity,True
1190,0.3569254185692542,0.000380517503805175,0.4284627092846271,0.14117199391171995,False,consumerinternet,healthcareservicescomparisonplatform,newdelhi,seedfunding,False
115,0.00076103500761035,0.000380517503805175,0.00076103500761035,0.10235920852359208,True,hospitality,budgetrooms,gurgaon,equity,True
2515,0.000380517503805175,0.1997716894977169,0.4284627092846271,0.032343987823439876,True,careercommunityforwomen,unknown,noida,seedfunding,True
2649,0.000380517503805175,0.1997716894977169,0.4284627092846271,0.3002283105022831,True,hyperlocalfood&grocerystore,unknown,bangalore,seedfunding,True
1101,0.18188736681887366,0.000380517503805175,0.4585235920852359,0.14117199391171995,False,technology,loyaltyprogrammanagementsolutions,newdelhi,privateequity,True
2257,0.00076103500761035,0.1997716894977169,0.4284627092846271,0.3002283105022831,True,healthtechplatform,unknown,bangalore,seedfunding,True
1399,0.3569254185692542,0.000380517503805175,0.4585235920852359,0.0334855403348554,False,consumerinternet,eventregistrationandticketingplatform,chennai,privateequity,True
688,0.3569254185692542,0.000380517503805175,0.4585235920852359,0.04033485540334855,True,consumerinternet,salon&spaaggregation&discoveryplatform,pune,privateequity,True
139,0.000380517503805175,0.000380517503805175,0.4284627092846271,0.01902587519025875,False,socialnetwork,art,gurugram,seedfunding,True
91,0.11377473363774733,0.000380517503805175,0.000380517503805175,0.01293759512937595,False,ecommerce,fashionandshopping,delhi,bridgeround,True
294,0.02359208523592085,0.007990867579908675,0.00989345509893455,0.01902587519025875,True,finance,onlinelendingplatform,gurugram,debtfunding,True
209,0.3569254185692542,0.0015220700152207,0.4585235920852359,0.1997716894977169,True,consumerinternet,onlineconsumerlendingplatform,mumbai,privateequity,True
1478,0.027777777777777776,0.000380517503805175,0.4585235920852359,0.3002283105022831,True,healthcare,healthandfitnesscentres,bangalore,privateequity,True
579,0.18188736681887366,0.000380517503805175,0.4284627092846271,0.10235920852359208,True,technology,edutechplatform,gurgaon,seedfunding,False
1167,0.11377473363774733,0.000380517503805175,0.4284627092846271,0.14117199391171995,False,ecommerce,babycareproductsseller,newdelhi,seedfunding,False
616,0.18188736681887366,0.000380517503805175,0.4585235920852359,0.3002283105022831,False,technology,omnichannelwebcommercesolutionsprovider,bangalore,privateequity,True
2606,0.000380517503805175,0.1997716894977169,0.4284627092846271,0.14117199391171995,True,warrantyprogramsserviceadministration,unknown,newdelhi,seedfunding,True
1103,0.11377473363774733,0.0015220700152207,0.4585235920852359,0.0136986301369863,True,ecommerce,ecommercemarketplace,ahmedabad,privateequity,True
2343,0.000380517503805175,0.1997716894977169,0.4284627092846271,0.14117199391171995,True,traveldestinationdiscoveryplatform,unknown,newdelhi,seedfunding,True
492,0.11377473363774733,0.000380517503805175,0.4585235920852359,0.1997716894977169,True,ecommerce,celebrityfashionaccessoriesandmerchandise,mumbai,privateequity,True
669,0.3569254185692542,0.000380517503805175,0.4284627092846271,0.0334855403348554,True,consumerinternet,onlineprintingmarketplace,chennai,seedfunding,True
563,0.00837138508371385,0.000380517503805175,0.4585235920852359,0.1997716894977169,False,food&beverage,frozenmeatprovider,mumbai,privateequity,True
2385,0.000380517503805175,0.1997716894977169,0.4585235920852359,0.10235920852359208,True,luxurygoodsshoppingplatform,unknown,gurgaon,privateequity,True
1553,0.3569254185692542,0.000380517503805175,0.4585235920852359,0.032343987823439876,True,consumerinternet,loanscomparisonplatform(adsbygoogle=window.adsbygoogle||[]).push({});,noida,privateequity,True
2226,0.000380517503805175,0.1997716894977169,0.4585235920852359,0.1997716894977169,True,readytocookpackagedfoods,unknown,mumbai,privateequity,True
2051,0.3569254185692542,0.000380517503805175,0.4284627092846271,0.10235920852359208,True,consumerinternet,fitnessrelatedsocialnetworkingapp&forum,gurgaon,seedfunding,True
1533,0.3569254185692542,0.000380517503805175,0.4585235920852359,0.3002283105022831,True,consumerinternet,vernacularlanguagecontentcreation&sharingapp,bangalore,privateequity,True
2224,0.000380517503805175,0.1997716894977169,0.4284627092846271,0.1997716894977169,True,ondemandmaidsserviceprovider,unknown,mumbai,seedfunding,True
1545,0.11377473363774733,0.000380517503805175,0.4284627092846271,0.14117199391171995,False,ecommerce,onlinegrocers,newdelhi,seedfunding,False
624,0.3569254185692542,0.000380517503805175,0.4284627092846271,0.10235920852359208,False,consumerinternet,matchmakingappforthedifferentlyabled,gurgaon,seedfunding,True
2537,0.000380517503805175,0.1997716894977169,0.4585235920852359,0.3002283105022831,True,corporatewellnessapp,unknown,bangalore,privateequity,True
1397,0.18188736681887366,0.000380517503805175,0.4284627092846271,0.032343987823439876,False,technology,financialplatformfordailywageearningcommunities,noida,seedfunding,True
761,0.3569254185692542,0.000380517503805175,0.4585235920852359,0.1997716894977169,True,consumerinternet,eventsticketingplatform,mumbai,privateequity,True
259,0.0030441400304414,0.001141552511415525,0.04946727549467275,0.0334855403348554,True,it,saas,chennai,seed/angelfunding,True
1539,0.18188736681887366,0.000380517503805175,0.4585235920852359,0.04033485540334855,True,technology,mcommercesolutionsforretailstores,pune,privateequity,True
889,0.3569254185692542,0.000380517503805175,0.4585235920852359,0.3002283105022831,True,consumerinternet,cabaggregatorapp,bangalore,privateequity,True
553,0.0121765601217656,0.00076103500761035,0.4585235920852359,0.3002283105022831,True,logistics,b2blogisticsprovider,bangalore,privateequity,True
370,0.007229832572298325,0.001902587519025875,0.4585235920852359,0.0334855403348554,True,edtech,onlineeducationplatform,chennai,privateequity,True
1945,0.18188736681887366,0.000380517503805175,0.4284627092846271,0.3002283105022831,True,technology,cloudanalyticsandmanagementproducts,bangalore,seedfunding,False
2553,0.000380517503805175,0.1997716894977169,0.4284627092846271,0.04033485540334855,True,professionalcustomcreatorsmarketplace,unknown,pune,seedfunding,True
790,0.3569254185692542,0.000380517503805175,0.4284627092846271,0.3002283105022831,True,consumerinternet,realestateriskassessmentplatform,bangalore,seedfunding,True
1240,0.3569254185692542,0.000380517503805175,0.4284627092846271,0.0136986301369863,False,consumerinternet,endtoendeventorganizerssolutions,ahmedabad,seedfunding,False
2716,0.000380517503805175,0.1997716894977169,0.4585235920852359,0.1997716894977169,True,it/customerengagementconsulting,unknown,mumbai,privateequity,True
1476,0.3569254185692542,0.000380517503805175,0.4284627092846271,0.3002283105022831,False,consumerinternet,scrapcollectionandrecyclingplatform,bangalore,seedfunding,True
1654,0.18188736681887366,0.000380517503805175,0.4284627092846271,0.00684931506849315,True,technology,visualcontentmarketing,kolkata,seedfunding,False
1297,0.18188736681887366,0.000380517503805175,0.4284627092846271,0.10235920852359208,False,technology,saasbasedmobileapplicationplatform,gurgaon,seedfunding,False
2044,0.027777777777777776,0.000380517503805175,0.4585235920852359,0.1997716894977169,True,healthcare,professionalhealthservicesplatform,mumbai,privateequity,True
2688,0.000380517503805175,0.1997716894977169,0.4585235920852359,0.1997716894977169,True,hyperlocalshoppingapp,unknown,mumbai,privateequity,True
2366,0.000380517503805175,0.1997716894977169,0.4585235920852359,0.3002283105022831,True,hyperlocallogisticsservice,unknown,bangalore,privateequity,True
1730,0.027777777777777776,0.000380517503805175,0.4585235920852359,0.14117199391171995,False,healthcare,medicaldeviceskitmanufacturer,newdelhi,privateequity,True
2058,0.3569254185692542,0.00076103500761035,0.4585235920852359,0.3002283105022831,True,consumerinternet,online/mobilefoodorderingplatform,bangalore,privateequity,True
2313,0.000380517503805175,0.1997716894977169,0.4585235920852359,0.14117199391171995,True,gesturebasedmobiledevelopment,unknown,newdelhi,privateequity,True
2702,0.000380517503805175,0.1997716894977169,0.4284627092846271,0.1997716894977169,True,mobilecompressionsoftware,unknown,mumbai,seedfunding,True
2815,0.000380517503805175,0.1997716894977169,0.4585235920852359,0.1997716894977169,True,onlineclassifieds,unknown,mumbai,privateequity,True
2002,0.11377473363774733,0.000380517503805175,0.4585235920852359,0.1997716894977169,True,ecommerce,baby&kidsproductsonlineflashsalesplatform,mumbai,privateequity,True
1910,0.18188736681887366,0.000380517503805175,0.4284627092846271,0.1997716894977169,True,technology,audiotechnologysolutions,mumbai,seedfunding,False
451,0.18188736681887366,0.000380517503805175,0.4585235920852359,0.1997716894977169,False,technology,artificialintelligenceplatformtoraisefunds,mumbai,privateequity,True
840,0.3569254185692542,0.000380517503805175,0.4284627092846271,0.1997716894977169,True,consumerinternet,onlinetutoringservices,mumbai,seedfunding,True
1176,0.3569254185692542,0.000380517503805175,0.4284627092846271,0.14117199391171995,False,consumerinternet,compliancemanagementsoftware,newdelhi,seedfunding,False
1070,0.3569254185692542,0.000380517503805175,0.4284627092846271,0.1997716894977169,True,consumerinternet,custom&modularfurnitureplatform,mumbai,seedfunding,True
2194,0.000380517503805175,0.1997716894977169,0.4284627092846271,0.3002283105022831,True,newcurationmobileapp,unknown,bangalore,seedfunding,True
318,0.3569254185692542,0.000380517503805175,0.04946727549467275,0.3002283105022831,True,consumerinternet,onlinefinancialplanning,bangalore,seed/angelfunding,True
238,0.02359208523592085,0.000380517503805175,0.04946727549467275,0.032343987823439876,True,finance,massmarketmutualfundinvestmentplatform,noida,seed/angelfunding,True
2043,0.3569254185692542,0.00076103500761035,0.4284627092846271,0.03576864535768645,False,consumerinternet,foodorderingmobileapp,hyderabad,seedfunding,True
554,0.3569254185692542,0.001141552511415525,0.4284627092846271,0.1997716894977169,True,consumerinternet,onlinepeertopeerlendingplatform,mumbai,seedfunding,False
1126,0.3569254185692542,0.000380517503805175,0.4284627092846271,0.002663622526636225,False,consumerinternet,mobileappbasedfashionnetwork,singapore,seedfunding,True
171,0.3569254185692542,0.000380517503805175,0.04946727549467275,0.3002283105022831,True,consumerinternet,realtimemobileappmanagement,bangalore,seed/angelfunding,True
69,0.00076103500761035,0.001141552511415525,0.0076103500761035,0.002663622526636225,True,tech,logistics,singapore,seriesb,True
1243,0.3569254185692542,0.000380517503805175,0.4284627092846271,0.3002283105022831,False,consumerinternet,professionalexpertadviceplatform,bangalore,seedfunding,True
2860,0.000380517503805175,0.1997716894977169,0.4284627092846271,0.011035007610350075,True,interactiveeducationalgames,unknown,jaipur,seedfunding,True
1681,0.3569254185692542,0.000380517503805175,0.4284627092846271,0.3002283105022831,True,consumerinternet,cloudbasedsoftwaresolutions,bangalore,seedfunding,True
1812,0.3569254185692542,0.000380517503805175,0.4585235920852359,0.032343987823439876,False,consumerinternet,trainrelatedinformationportal,noida,privateequity,True
2592,0.000380517503805175,0.1997716894977169,0.4585235920852359,0.1997716894977169,True,musicstreamingapp,unknown,mumbai,privateequity,True
149,0.0015220700152207,0.000380517503805175,0.000380517503805175,0.3002283105022831,True,logisticstech,largesttruckingplatform,bangalore,privatefunding,True
590,0.3569254185692542,0.001902587519025875,0.00989345509893455,0.14117199391171995,True,consumerinternet,microlendingplatform,newdelhi,debtfunding,True
1437,0.3569254185692542,0.000380517503805175,0.4284627092846271,0.1997716894977169,True,consumerinternet,onlinetutoringserviceprovider,mumbai,seedfunding,True
1415,0.11377473363774733,0.00076103500761035,0.4585235920852359,0.3002283105022831,True,ecommerce,onlinewomenfashionmarketplace,bangalore,privateequity,True
1732,0.3569254185692542,0.000380517503805175,0.4284627092846271,0.3002283105022831,False,consumerinternet,onlinehealthcareservicediscoveryplatform,bangalore,seedfunding,True
2015,0.00228310502283105,0.000380517503805175,0.4284627092846271,0.10235920852359208,False,realestate,brandedworkspacesaggregator,gurgaon,seedfunding,False
2615,0.000380517503805175,0.1997716894977169,0.4585235920852359,0.3002283105022831,True,techrecruitmentplatform,unknown,bangalore,privateequity,True
1559,0.3569254185692542,0.000380517503805175,0.4585235920852359,0.14117199391171995,True,consumerinternet,onlinecarrentalbookingplatform,newdelhi,privateequity,True
573,0.02359208523592085,0.000380517503805175,0.4585235920852359,0.1997716894977169,True,finance,equitystockexchange,mumbai,privateequity,True
94,0.001141552511415525,0.000380517503805175,0.00532724505327245,0.3002283105022831,True,automobile,electricvehicle,bangalore,seriesc,True
994,0.18188736681887366,0.000380517503805175,0.4585235920852359,0.04033485540334855,True,technology,erpsolutionsprovider,pune,privateequity,True
1774,0.3569254185692542,0.000380517503805175,0.4284627092846271,0.011035007610350075,False,consumerinternet,onlinetechportals,jaipur,seedfunding,False
841,0.02359208523592085,0.001902587519025875,0.4585235920852359,0.10235920852359208,True,finance,nonbankingfinancialcompany,gurgaon,privateequity,True
2093,0.18188736681887366,0.000380517503805175,0.4284627092846271,0.03576864535768645,True,technology,dataintelligence&analytics,hyderabad,seedfunding,True
2479,0.000380517503805175,0.1997716894977169,0.4585235920852359,0.14117199391171995,True,ondemanddeliverylogistics,unknown,newdelhi,privateequity,True
1236,0.3569254185692542,0.000380517503805175,0.4284627092846271,0.3002283105022831,False,consumerinternet,backgroundverificationservices,bangalore,seedfunding,True
1717,0.18188736681887366,0.00076103500761035,0.4585235920852359,0.3002283105022831,False,technology,artificialintelligenceplatform,bangalore,privateequity,True
2115,0.000380517503805175,0.1997716894977169,0.4284627092846271,0.3002283105022831,True,lastminutehotelbookingapp,unknown,bangalore,seedfunding,True
2607,0.000380517503805175,0.1997716894977169,0.4284627092846271,0.10235920852359208,True,preschoolchain,unknown,gurgaon,seedfunding,True
1694,0.3569254185692542,0.001141552511415525,0.4585235920852359,0.10235920852359208,False,consumerinternet,onlinepeertopeerlendingplatform,gurgaon,privateequity,True
1267,0.11377473363774733,0.0015220700152207,0.4585235920852359,0.032343987823439876,True,ecommerce,onlinegiftingplatform,noida,privateequity,True
7,0.18188736681887366,0.001902587519025875,0.0091324200913242,0.04033485540334855,True,technology,agritech,pune,seriesa,True
1508,0.3569254185692542,0.000380517503805175,0.4284627092846271,0.00076103500761035,False,consumerinternet,cloudbasederpsoftware,us,seedfunding,False
2695,0.000380517503805175,0.1997716894977169,0.4585235920852359,0.14117199391171995,True,privatelabellingerieecommerce,unknown,newdelhi,privateequity,True
406,0.18188736681887366,0.001902587519025875,0.4585235920852359,0.04033485540334855,True,technology,education,pune,privateequity,True
795,0.3569254185692542,0.000380517503805175,0.4284627092846271,0.1997716894977169,False,consumerinternet,healthbasedsocialnetworking&discoveryapp,mumbai,seedfunding,True
1230,0.18188736681887366,0.000380517503805175,0.4284627092846271,0.3002283105022831,False,technology,consumerfinance&creditscoreplatform,bangalore,seedfunding,False
822,0.18188736681887366,0.000380517503805175,0.4284627092846271,0.3002283105022831,False,technology,multilingualaiplatformforbusinesses,bangalore,seedfunding,False
2300,0.000380517503805175,0.1997716894977169,0.4284627092846271,0.14117199391171995,True,premiumapparelshoppingportal,unknown,newdelhi,seedfunding,True
132,0.001141552511415525,0.000380517503805175,0.0076103500761035,0.14117199391171995,True,food,microdeliverygroceryservice,newdelhi,seriesb,True
2807,0.000380517503805175,0.1997716894977169,0.4585235920852359,0.3002283105022831,True,selfdrivencarrental,unknown,bangalore,privateequity,True
2846,0.000380517503805175,0.1997716894977169,0.4585235920852359,0.0334855403348554,True,onlineclassifieds&listings,unknown,chennai,privateequity,True
1369,0.3569254185692542,0.000380517503805175,0.4585235920852359,0.10235920852359208,True,consumerinternet,onlinedeals&discountplatform,gurgaon,privateequity,True
2069,0.11377473363774733,0.000380517503805175,0.4585235920852359,0.14117199391171995,True,ecommerce,adultproductsetailers,newdelhi,privateequity,True
159,0.027777777777777776,0.000380517503805175,0.4585235920852359,0.01902587519025875,True,healthcare,onlinemarketplaceformotherandbabycareproducts,gurugram,privateequity,True
491,0.11377473363774733,0.0015220700152207,0.4585235920852359,0.14117199391171995,False,ecommerce,onlinegiftingplatform,newdelhi,privateequity,True
1367,0.3569254185692542,0.000380517503805175,0.4284627092846271,0.01293759512937595,False,consumerinternet,restaurantmenu&foodmobileapp,delhi,seedfunding,False
1319,0.11377473363774733,0.000380517503805175,0.4284627092846271,0.3002283105022831,False,ecommerce,b2bmarketplacefortraders,bangalore,seedfunding,False
1511,0.3569254185692542,0.000380517503805175,0.4585235920852359,0.1997716894977169,True,consumerinternet,event&movieticketingplatform,mumbai,privateequity,True
1019,0.18188736681887366,0.0015220700152207,0.4284627092846271,0.14117199391171995,False,technology,dataanalyticsplatform,newdelhi,seedfunding,False
1138,0.18188736681887366,0.001141552511415525,0.4284627092846271,0.011035007610350075,True,technology,healthtechplatform,jaipur,seedfunding,False
2771,0.000380517503805175,0.1997716894977169,0.4284627092846271,0.14117199391171995,True,onlinemedicaldiagnostic,unknown,newdelhi,seedfunding,True
1473,0.11377473363774733,0.000380517503805175,0.4284627092846271,0.1997716894977169,True,ecommerce,dreamsfulfillingmarketplace,mumbai,seedfunding,False
879,0.18188736681887366,0.000380517503805175,0.4284627092846271,0.3002283105022831,True,technology,softwaresolutionsform&as,bangalore,seedfunding,False
98,0.02359208523592085,0.00076103500761035,0.0091324200913242,0.3002283105022831,True,finance,wealthmanagement,bangalore,seriesa,True
1971,0.3569254185692542,0.000380517503805175,0.4284627092846271,0.10235920852359208,False,consumerinternet,socialnetworkingappforoutdoorinterests,gurgaon,seedfunding,True
1561,0.3569254185692542,0.000380517503805175,0.4284627092846271,0.3002283105022831,True,consumerinternet,intercitytaxibookingplatform,bangalore,seedfunding,True
295,0.02359208523592085,0.007990867579908675,0.04946727549467275,0.1997716894977169,True,finance,onlinelendingplatform,mumbai,seed/angelfunding,True
2460,0.000380517503805175,0.1997716894977169,0.4585235920852359,0.3002283105022831,True,mobileadvertisingplatform,unknown,bangalore,privateequity,True
1235,0.3569254185692542,0.000380517503805175,0.4284627092846271,0.004946727549467275,False,consumerinternet,fitnessdiscoveryplatform,indore,seedfunding,False
671,0.18188736681887366,0.000380517503805175,0.4585235920852359,0.04033485540334855,True,technology,restaurant&hotelcrmplatform,pune,privateequity,True
452,0.11377473363774733,0.000380517503805175,0.4585235920852359,0.3002283105022831,True,ecommerce,freshindianteasellingplatformacross112countries,bangalore,privateequity,True
233,0.027777777777777776,0.000380517503805175,0.04946727549467275,0.03576864535768645,False,healthcare,specialiseddiagnosticsplatform,hyderabad,seed/angelfunding,True
30,0.0091324200913242,0.000380517503805175,0.001141552511415525,0.000380517503805175,True,education,musiceducation,tulangan,unknown,True
332,0.3569254185692542,0.007990867579908675,0.4585235920852359,0.3002283105022831,True,consumerinternet,onlinelendingplatform,bangalore,privateequity,True
384,0.007229832572298325,0.001902587519025875,0.4585235920852359,0.01293759512937595,True,edtech,education,delhi,privateequity,True
1391,0.18188736681887366,0.000380517503805175,0.4284627092846271,0.3002283105022831,True,technology,mobilegamepublisherforindianaudience,bangalore,seedfunding,False
727,0.3569254185692542,0.0015220700152207,0.4585235920852359,0.3002283105022831,True,consumerinternet,coworkingspaces,bangalore,privateequity,True
349,0.3569254185692542,0.000380517503805175,0.04946727549467275,0.1997716894977169,False,consumerinternet,o2ofashionecommerceplatform,mumbai,seed/angelfunding,True
1412,0.11377473363774733,0.000380517503805175,0.4585235920852359,0.10235920852359208,True,ecommerce,onlinepharmacy&healthmarketplace,gurgaon,privateequity,True
1611,0.3569254185692542,0.000380517503805175,0.4284627092846271,0.3002283105022831,False,consumerinternet,sportsvenuediscoveryandbookingplatform,bangalore,seedfunding,True
2504,0.000380517503805175,0.1997716894977169,0.4585235920852359,0.14117199391171995,True,hyperlocalecommerce,unknown,newdelhi,privateequity,True
2543,0.000380517503805175,0.1997716894977169,0.4284627092846271,0.03576864535768645,True,onlinemarketplaceforphotographers,unknown,hyderabad,seedfunding,True
1504,0.3569254185692542,0.000380517503805175,0.4284627092846271,0.1997716894977169,False,consumerinternet,wealthmanagementapp,mumbai,seedfunding,True
1170,0.3569254185692542,0.000380517503805175,0.4284627092846271,0.14117199391171995,True,consumerinternet,careerplanning&assessmentplatform,newdelhi,seedfunding,False
903,0.11377473363774733,0.000380517503805175,0.4585235920852359,0.3002283105022831,False,ecommerce,socialcommercefashionplatform,bangalore,privateequity,True
287,0.000380517503805175,0.000380517503805175,0.04946727549467275,0.0334855403348554,True,fiinance,digitalfinancialservicesplatform,chennai,seed/angelfunding,True
1889,0.11377473363774733,0.0015220700152207,0.4284627092846271,0.14117199391171995,False,ecommerce,fashionetailer,newdelhi,seedfunding,True
1698,0.027777777777777776,0.000380517503805175,0.4585235920852359,0.03576864535768645,True,healthcare,seniorhealthcareservices,hyderabad,privateequity,True
1234,0.11377473363774733,0.001141552511415525,0.4585235920852359,0.3002283105022831,True,ecommerce,b2bmarketplace,bangalore,privateequity,True
1495,0.3569254185692542,0.000380517503805175,0.4585235920852359,0.3002283105022831,True,consumerinternet,photographerdiscovery&informationplatform,bangalore,privateequity,True
1711,0.3569254185692542,0.000380517503805175,0.4284627092846271,0.00076103500761035,True,consumerinternet,onlinehealthondemandplatform,trivandrum,seedfunding,False
2170,0.000380517503805175,0.1997716894977169,0.4284627092846271,0.0015220700152207,True,electricbikemanufacturers,unknown,coimbatore,seedfunding,True
1247,0.3569254185692542,0.000380517503805175,0.4585235920852359,0.14117199391171995,True,consumerinternet,savingsplatformformedicalexpenses,newdelhi,privateequity,True
2868,0.000380517503805175,0.1997716894977169,0.4585235920852359,0.3002283105022831,True,startupanalyticsplatform,unknown,bangalore,privateequity,True
2597,0.000380517503805175,0.1997716894977169,0.4284627092846271,0.1997716894977169,True,onlinefoodtechplatform,unknown,mumbai,seedfunding,True
47,0.02359208523592085,0.000380517503805175,0.000380517503805175,0.1997716894977169,True,finance,vcfunds,mumbai,singleventure,True
1638,0.3569254185692542,0.000380517503805175,0.4284627092846271,0.3002283105022831,False,consumerinternet,multilingualselfpublishingplatform,bangalore,seedfunding,True
435,0.18188736681887366,0.000380517503805175,0.4585235920852359,0.1997716894977169,True,technology,mobilepointofsaleservicesprovider,mumbai,privateequity,True
1273,0.3569254185692542,0.000380517503805175,0.4585235920852359,0.1997716894977169,True,consumerinternet,"mobilephonetheft,damageprotectionplatform",mumbai,privateequity,True
2767,0.001141552511415525,0.1997716894977169,0.4585235920852359,0.3002283105022831,True,onlineeducationplatform,unknown,bangalore,privateequity,True
1996,0.3569254185692542,0.000380517503805175,0.4284627092846271,0.3002283105022831,False,consumerinternet,personalizedlearningsolutions&products,bangalore,seedfunding,True
1111,0.3569254185692542,0.000380517503805175,0.4284627092846271,0.3002283105022831,True,consumerinternet,smartonlineaddresstags,bangalore,seedfunding,True
988,0.3569254185692542,0.000380517503805175,0.4284627092846271,0.10235920852359208,False,consumerinternet,pathology&diagnostictestsportal,gurgaon,seedfunding,True
1158,0.3569254185692542,0.000380517503805175,0.4284627092846271,0.14117199391171995,True,consumerinternet,holidaypackagesprovider,newdelhi,seedfunding,False
675,0.3569254185692542,0.000380517503805175,0.4585235920852359,0.3002283105022831,True,consumerinternet,budgethotelaggregatorplatform,bangalore,privateequity,True
890,0.3569254185692542,0.000380517503805175,0.4284627092846271,0.011035007610350075,True,consumerinternet,mobileappforschools,jaipur,seedfunding,False
1204,0.3569254185692542,0.00076103500761035,0.4585235920852359,0.14117199391171995,True,consumerinternet,onlinejobportal,newdelhi,privateequity,True
1050,0.0121765601217656,0.000380517503805175,0.4585235920852359,0.1997716894977169,True,logistics,supplychainsolutionsprovider,mumbai,privateequity,True
2826,0.000380517503805175,0.1997716894977169,0.4284627092846271,0.3002283105022831,True,interactivehowtoguides,unknown,bangalore,seedfunding,True
476,0.18188736681887366,0.000380517503805175,0.4284627092846271,0.3002283105022831,True,technology,vrbasedspiritualplatform,bangalore,seedfunding,False
1802,0.18188736681887366,0.000380517503805175,0.4585235920852359,0.04033485540334855,False,technology,convergedbackup&dataprotectionsolutionsforenterprises,pune,privateequity,True
2484,0.000380517503805175,0.1997716894977169,0.4284627092846271,0.032343987823439876,True,hotelbookingapp,unknown,noida,seedfunding,True
324,0.3569254185692542,0.00076103500761035,0.04946727549467275,0.04033485540334855,True,consumerinternet,healthserviceaggregatorplatform,pune,seed/angelfunding,True
2585,0.000380517503805175,0.1997716894977169,0.4585235920852359,0.10235920852359208,True,ethnicbeveragesmanufacturer,unknown,gurgaon,privateequity,True
1862,0.0121765601217656,0.000380517503805175,0.4585235920852359,0.14117199391171995,True,logistics,"domestic,commercial,andindustrialgoodsmovers",newdelhi,privateequity,True
934,0.18188736681887366,0.000380517503805175,0.4284627092846271,0.3002283105022831,True,technology,employeeonboardingandengagementplatform,bangalore,seedfunding,False
2679,0.000380517503805175,0.1997716894977169,0.4585235920852359,0.1997716894977169,True,realestateintelligenceplatform,unknown,mumbai,privateequity,True
2083,0.18188736681887366,0.000380517503805175,0.4585235920852359,0.1997716894977169,True,technology,electronicpaymentssolutioncompany,mumbai,privateequity,True
2104,0.3569254185692542,0.00380517503805175,0.4284627092846271,0.03576864535768645,False,consumerinternet,fooddeliveryplatform,hyderabad,seedfunding,False
1078,0.11377473363774733,0.000380517503805175,0.4284627092846271,0.10235920852359208,False,ecommerce,b2bmarketplaceforhandicrafts,gurgaon,seedfunding,False
1923,0.3569254185692542,0.000380517503805175,0.4284627092846271,0.000380517503805175,True,consumerinternet,healthcareservices&onlinepharmacymobileapp,varanasi,seedfunding,False
2395,0.000380517503805175,0.1997716894977169,0.4284627092846271,0.3002283105022831,True,cloudbasedhotelbookingplatform,unknown,bangalore,seedfunding,True
853,0.3569254185692542,0.000380517503805175,0.4585235920852359,0.1997716894977169,True,consumerinternet,online&mobilebasedlendingplatform,mumbai,privateequity,True
1340,0.18188736681887366,0.000380517503805175,0.4585235920852359,0.00684931506849315,True,technology,personaldigitalassistant,kolkata,privateequity,False
844,0.3569254185692542,0.000380517503805175,0.4284627092846271,0.032343987823439876,False,consumerinternet,onlinemfinvestmentplatform,noida,seedfunding,True
1187,0.3569254185692542,0.00076103500761035,0.4284627092846271,0.14117199391171995,True,consumerinternet,ondemandwashing&drycleaningservices,newdelhi,seedfunding,True
1068,0.3569254185692542,0.000380517503805175,0.4585235920852359,0.3002283105022831,True,consumerinternet,brandedpgaccomodationbookingplatform,bangalore,privateequity,True
673,0.18188736681887366,0.000380517503805175,0.4284627092846271,0.1997716894977169,True,technology,healthtechiotplatform,mumbai,seedfunding,False
18,0.00228310502283105,0.000380517503805175,0.0076103500761035,0.10235920852359208,True,healthandwellness,men'shealthandwellnessbrand,gurgaon,seriesb,True
1261,0.3569254185692542,0.000380517503805175,0.4585235920852359,0.3002283105022831,False,consumerinternet,aipoweredcontent&commerceplatform,bangalore,privateequity,True
2124,0.000380517503805175,0.1997716894977169,0.4585235920852359,0.14117199391171995,True,onlineweddingmarketplace,unknown,newdelhi,privateequity,True
157,0.18188736681887366,0.000380517503805175,0.4585235920852359,0.0334855403348554,False,technology,computervisionandartificialintelligence(ai)platform,chennai,privateequity,True
2871,0.000380517503805175,0.1997716894977169,0.4284627092846271,0.0334855403348554,True,hiringanalyticsplatform,unknown,chennai,seedfunding,True
2201,0.000380517503805175,0.1997716894977169,0.4585235920852359,0.1997716894977169,True,alternatemobilemonetizationplatform,unknown,mumbai,privateequity,True
1715,0.3569254185692542,0.000380517503805175,0.4284627092846271,0.3002283105022831,False,consumerinternet,parenting&childcareapp,bangalore,seedfunding,True
2035,0.3569254185692542,0.000380517503805175,0.4284627092846271,0.1997716894977169,False,consumerinternet,mobilebasedgeotargetfashionmarketplace,mumbai,seedfunding,True
1907,0.3569254185692542,0.000380517503805175,0.4284627092846271,0.3002283105022831,True,consumerinternet,mobileemailproductivitytool,bangalore,seedfunding,True
495,0.18188736681887366,0.000380517503805175,0.4284627092846271,0.3002283105022831,True,technology,bankingsoftwarelicenseplatform,bangalore,seedfunding,False
1301,0.3569254185692542,0.000380517503805175,0.4284627092846271,0.03576864535768645,True,consumerinternet,motorbikerentalplatform,hyderabad,seedfunding,True
1818,0.11377473363774733,0.00076103500761035,0.4585235920852359,0.14117199391171995,True,ecommerce,ecommercesaassolutions,newdelhi,privateequity,True
1964,0.18188736681887366,0.000380517503805175,0.4284627092846271,0.14117199391171995,True,technology,mobilegamingplatform,newdelhi,seedfunding,False
1280,0.3569254185692542,0.000380517503805175,0.4284627092846271,0.032343987823439876,False,consumerinternet,sportsdiscoveryplatform,noida,seedfunding,True
142,0.02359208523592085,0.000380517503805175,0.4585235920852359,0.001902587519025875,True,finance,smelending,india,privateequity,True
2594,0.001141552511415525,0.1997716894977169,0.4585235920852359,0.001902587519025875,True,bigdata&analyticsplatform,unknown,india,privateequity,True
97,0.00228310502283105,0.00076103500761035,0.0076103500761035,0.14117199391171995,True,foodandbeverage,brewery,newdelhi,seriesb,True
393,0.11377473363774733,0.00076103500761035,0.0030441400304414,0.3002283105022831,False,ecommerce,foodandbeverages,bangalore,angel/seedfunding,True
110,0.0015220700152207,0.000380517503805175,0.00076103500761035,0.01902587519025875,True,transportation,busaggregation,gurugram,ventureround,True
1988,0.18188736681887366,0.000380517503805175,0.4284627092846271,0.0015220700152207,False,technology,unmannedaerialvehiclescreator,kanpur,seedfunding,True
2092,0.11377473363774733,0.00076103500761035,0.4284627092846271,0.3002283105022831,False,ecommerce,onlinerentalmarketplace,bangalore,seedfunding,True
687,0.18188736681887366,0.000380517503805175,0.4585235920852359,0.03576864535768645,True,technology,workshopmanagementsoftwareplatform,hyderabad,privateequity,True
486,0.18188736681887366,0.000380517503805175,0.4585235920852359,0.3002283105022831,True,technology,iotbasedtechstartup,bangalore,privateequity,True
2780,0.000380517503805175,0.1997716894977169,0.4585235920852359,0.10235920852359208,True,lifestyleecommerceportal,unknown,gurgaon,privateequity,True
2016,0.18188736681887366,0.000380517503805175,0.4284627092846271,0.3002283105022831,True,technology,"tvsearch,guideandremotemobileapp",bangalore,seedfunding,False
738,0.3569254185692542,0.000380517503805175,0.4284627092846271,0.03576864535768645,True,consumerinternet,ambulanceaggregatorandmedicaltaxiprovider,hyderabad,seedfunding,True
2566,0.000380517503805175,0.1997716894977169,0.4585235920852359,0.3002283105022831,True,languagelocalizationcloudplatform,unknown,bangalore,privateequity,True
2037,0.3569254185692542,0.000380517503805175,0.4585235920852359,0.14117199391171995,False,consumerinternet,p2pmessagingservice,newdelhi,privateequity,True
1142,0.3569254185692542,0.000380517503805175,0.4284627092846271,0.3002283105022831,False,consumerinternet,selfbrandedwebsites&appsforecommerce,bangalore,seedfunding,True
352,0.000380517503805175,0.000380517503805175,0.4585235920852359,0.3002283105022831,True,publishing,epublishing,bangalore,privateequity,True
2845,0.000380517503805175,0.1997716894977169,0.4585235920852359,0.0334855403348554,True,online/mobilecustomersupport,unknown,chennai,privateequity,True
1521,0.3569254185692542,0.000380517503805175,0.4585235920852359,0.1997716894977169,True,consumerinternet,onlinefoodordering&deliveryplatform,mumbai,privateequity,True
2840,0.000380517503805175,0.1997716894977169,0.4585235920852359,0.00076103500761035,True,mobileappdevelopment,unknown,udupi,privateequity,True
413,0.11377473363774733,0.000380517503805175,0.4585235920852359,0.01902587519025875,True,ecommerce,onlinegrocery,gurugram,privateequity,True
2221,0.000380517503805175,0.1997716894977169,0.4585235920852359,0.3002283105022831,True,skilltrainingstartup,unknown,bangalore,privateequity,True
2141,0.000380517503805175,0.1997716894977169,0.4585235920852359,0.3002283105022831,True,onlinebrandedfurnitureetailer,unknown,bangalore,privateequity,True
515,0.18188736681887366,0.000380517503805175,0.04946727549467275,0.1997716894977169,True,technology,identitymanagementplatform,mumbai,seed/angelfunding,True
1800,0.11377473363774733,0.000380517503805175,0.4585235920852359,0.3002283105022831,True,ecommerce,mobilebasedmeatorderingapp,bangalore,privateequity,True
2503,0.000380517503805175,0.1997716894977169,0.4284627092846271,0.14117199391171995,True,mobilesocialnetwork,unknown,newdelhi,seedfunding,True
184,0.3569254185692542,0.007990867579908675,0.4585235920852359,0.3002283105022831,True,consumerinternet,onlinelendingplatform,bangalore,privateequity,True
2232,0.000380517503805175,0.1997716894977169,0.4284627092846271,0.03576864535768645,True,cricketmanagementmobilegame,unknown,hyderabad,seedfunding,True
1795,0.3569254185692542,0.000380517503805175,0.4284627092846271,0.14117199391171995,False,consumerinternet,cleaningservicesprovider,newdelhi,seedfunding,False
1883,0.18188736681887366,0.000380517503805175,0.4585235920852359,0.3002283105022831,False,technology,internetofthingsdevicemanufacturer,bangalore,privateequity,True
472,0.18188736681887366,0.000380517503805175,0.4284627092846271,0.04033485540334855,False,technology,aadhaarbasedapiprovider,pune,seedfunding,False
1293,0.18188736681887366,0.000380517503805175,0.4284627092846271,0.0136986301369863,True,technology,waterlesscarwashingsolution,ahmedabad,seedfunding,False
509,0.02359208523592085,0.000380517503805175,0.4585235920852359,0.1997716894977169,True,finance,techbasedinvestorfirm,mumbai,privateequity,True
979,0.3569254185692542,0.000380517503805175,0.4585235920852359,0.10235920852359208,True,consumerinternet,ondemandpersonalassistantservice,gurgaon,privateequity,True
996,0.3569254185692542,0.000380517503805175,0.4284627092846271,0.03576864535768645,False,consumerinternet,curatedplatformfordevelopers,hyderabad,seedfunding,True
1846,0.3569254185692542,0.000380517503805175,0.4284627092846271,0.3002283105022831,True,consumerinternet,womentracker,bangalore,seedfunding,True
2235,0.000380517503805175,0.1997716894977169,0.4284627092846271,0.3002283105022831,True,virtualrealityheadsetcreator,unknown,bangalore,seedfunding,True
771,0.3569254185692542,0.00076103500761035,0.4284627092846271,0.1997716894977169,True,consumerinternet,mobilebasedsocialnetworkingplatform,mumbai,seedfunding,True
2449,0.000380517503805175,0.1997716894977169,0.4585235920852359,0.10235920852359208,True,crossdeviceretargetingplatform,unknown,gurgaon,privateequity,True
561,0.3569254185692542,0.00076103500761035,0.4585235920852359,0.14117199391171995,True,consumerinternet,smelendingplatform,newdelhi,privateequity,True
1075,0.3569254185692542,0.000380517503805175,0.4284627092846271,0.00076103500761035,True,consumerinternet,onlinecarserviceplatform,gwalior,seedfunding,False
921,0.3569254185692542,0.000380517503805175,0.4284627092846271,0.14117199391171995,True,consumerinternet,healthcarerelatedcontentplatform,newdelhi,seedfunding,False
2349,0.000380517503805175,0.1997716894977169,0.4284627092846271,0.001141552511415525,True,realestatemobilecrm,unknown,newyork,seedfunding,True
2140,0.000380517503805175,0.1997716894977169,0.4585235920852359,0.3002283105022831,True,onlinefreightservicesaggregator,unknown,bangalore,privateequity,True
1756,0.0091324200913242,0.000380517503805175,0.4284627092846271,0.0334855403348554,False,education,mobileeducationplatform,chennai,seedfunding,True
2130,0.000380517503805175,0.1997716894977169,0.4284627092846271,0.14117199391171995,True,smartsafetywearabledevices,unknown,newdelhi,seedfunding,True
2595,0.000380517503805175,0.1997716894977169,0.4284627092846271,0.0015220700152207,True,couponaggregatorplatform,unknown,kanpur,seedfunding,True
878,0.11377473363774733,0.000380517503805175,0.4585235920852359,0.3002283105022831,True,ecommerce,b2bagrimarketingplatform,bangalore,privateequity,True
2032,0.3569254185692542,0.000380517503805175,0.4284627092846271,0.14117199391171995,False,consumerinternet,mobileappbasedconciergeservice,newdelhi,seedfunding,False
183,0.3569254185692542,0.000380517503805175,0.4585235920852359,0.01902587519025875,True,consumerinternet,onlineindiancarrentalplatform,gurugram,privateequity,True
2086,0.3569254185692542,0.000380517503805175,0.4284627092846271,0.1997716894977169,True,consumerinternet,photographycuration&aggregatorplatform,mumbai,seedfunding,True
508,0.18188736681887366,0.000380517503805175,0.4585235920852359,0.1997716894977169,False,technology,vehicleloanapprovalplatform,mumbai,privateequity,True
1268,0.11377473363774733,0.00076103500761035,0.4585235920852359,0.032343987823439876,True,ecommerce,industrial&homeproductsmarketplace,noida,privateequity,True
1451,0.3569254185692542,0.000380517503805175,0.4284627092846271,0.1997716894977169,False,consumerinternet,careerprogressionportal,mumbai,seedfunding,True
2481,0.00076103500761035,0.1997716894977169,0.4284627092846271,0.3002283105022831,True,logisticstechplatform,unknown,bangalore,seedfunding,True
1147,0.3569254185692542,0.000380517503805175,0.4284627092846271,0.14117199391171995,False,consumerinternet,fitnessdiscovery&bookingplatform,newdelhi,seedfunding,False
1120,0.18188736681887366,0.000380517503805175,0.4585235920852359,0.1997716894977169,True,technology,transportandlogisticsmobileapp,mumbai,privateequity,True
2377,0.000380517503805175,0.1997716894977169,0.4585235920852359,0.1997716894977169,True,fooddiscovery&deliverymobileapp,unknown,mumbai,privateequity,True
1851,0.00228310502283105,0.000380517503805175,0.4284627092846271,0.3002283105022831,True,realestate,interiordesign&homedsolutions,bangalore,seedfunding,True
1004,0.18188736681887366,0.000380517503805175,0.4284627092846271,0.032343987823439876,False,technology,carrentalsoftwaresolutions,noida,seedfunding,True
1590,0.11377473363774733,0.000380517503805175,0.4284627092846271,0.1997716894977169,False,ecommerce,onlineeventticketingplatform,mumbai,seedfunding,False
764,0.18188736681887366,0.000380517503805175,0.4284627092846271,0.03576864535768645,True,technology,artificialintelligencebasedplatform,hyderabad,seedfunding,True
219,0.18188736681887366,0.000380517503805175,0.4585235920852359,0.3002283105022831,False,technology,travelfocusedtechstartup,bangalore,privateequity,True
1621,0.3569254185692542,0.000380517503805175,0.4284627092846271,0.14117199391171995,False,consumerinternet,onlinetestpapersforcompetitiveexams,newdelhi,seedfunding,False
1987,0.3569254185692542,0.000380517503805175,0.4585235920852359,0.10235920852359208,True,consumerinternet,dealsanddiscountplatform,gurgaon,privateequity,True
981,0.3569254185692542,0.000380517503805175,0.4284627092846271,0.1997716894977169,True,consumerinternet,vacationtripplanningplatform,mumbai,seedfunding,True
518,0.18188736681887366,0.000380517503805175,0.00989345509893455,0.0334855403348554,True,technology,onlinetruckaggregatorplatform,chennai,debtfunding,True
310,0.3569254185692542,0.000380517503805175,0.4585235920852359,0.032343987823439876,False,consumerinternet,onlinetravelticketingplatform,noida,privateequity,True
2345,0.000380517503805175,0.1997716894977169,0.4585235920852359,0.3002283105022831,True,lastmiledeliveryservice,unknown,bangalore,privateequity,True
1833,0.3569254185692542,0.000380517503805175,0.4284627092846271,0.14117199391171995,False,consumerinternet,civilservicesnewsaggregator,newdelhi,seedfunding,False
974,0.3569254185692542,0.001141552511415525,0.4284627092846271,0.3002283105022831,False,consumerinternet,parentingmobileapp,bangalore,seedfunding,False
234,0.02359208523592085,0.000380517503805175,0.4585235920852359,0.1997716894977169,True,finance,supplychainfinance,mumbai,privateequity,True
2482,0.00076103500761035,0.1997716894977169,0.4585235920852359,0.14117199391171995,True,onlinebudgethotelchain,unknown,newdelhi,privateequity,True
140,0.000380517503805175,0.000380517503805175,0.0091324200913242,0.1997716894977169,True,financialtech,digitalonboardingsolution,mumbai,seriesa,True
1134,0.3569254185692542,0.000380517503805175,0.4284627092846271,0.10235920852359208,True,consumerinternet,onlinecarservicingbookingplatform,gurgaon,seedfunding,True
2520,0.000380517503805175,0.1997716894977169,0.4585235920852359,0.04033485540334855,True,mobilecommerceforfarmers,unknown,pune,privateequity,True
1043,0.3569254185692542,0.001141552511415525,0.4284627092846271,0.04033485540334855,True,consumerinternet,onlinetaxfilingplatform,pune,seedfunding,False
1422,0.3569254185692542,0.000380517503805175,0.4284627092846271,0.1997716894977169,True,consumerinternet,mobilebasedbollywooddiscoveryplatform,mumbai,seedfunding,True
1355,0.11377473363774733,0.000380517503805175,0.4284627092846271,0.3002283105022831,True,ecommerce,onlineconstructionmaterialsmarketplace,bangalore,seedfunding,False
58,0.001141552511415525,0.000380517503805175,0.0091324200913242,0.10235920852359208,False,services,productreview,gurgaon,seriesa,True
874,0.11377473363774733,0.000380517503805175,0.4585235920852359,0.1997716894977169,False,ecommerce,onlinemarketplaceforkitchenproducts,mumbai,privateequity,True
381,0.0030441400304414,0.001141552511415525,0.4585235920852359,0.3002283105022831,True,it,saas,bangalore,privateequity,True
161,0.3569254185692542,0.000380517503805175,0.00989345509893455,0.1997716894977169,True,consumerinternet,onlinemarketplaceforpharmaceuticalproducts,mumbai,debtfunding,True
521,0.3569254185692542,0.000380517503805175,0.4284627092846271,0.10235920852359208,False,consumerinternet,homeloansaggregationplatform,gurgaon,seedfunding,True
751,0.3569254185692542,0.000380517503805175,0.4585235920852359,0.3002283105022831,True,consumerinternet,moneylendingplatform,bangalore,privateequity,True
922,0.3569254185692542,0.000380517503805175,0.4284627092846271,0.1997716894977169,False,consumerinternet,financialadvisorymobileapp,mumbai,seedfunding,True
2217,0.000380517503805175,0.1997716894977169,0.4585235920852359,0.04033485540334855,True,eventticketingplatform,unknown,pune,privateequity,True
1092,0.18188736681887366,0.000380517503805175,0.4585235920852359,0.14117199391171995,True,technology,mathslearningprogram,newdelhi,privateequity,True
1607,0.3569254185692542,0.000380517503805175,0.4284627092846271,0.003424657534246575,True,consumerinternet,taxirentalplatform,vadodara,seedfunding,True
1356,0.0091324200913242,0.000380517503805175,0.4585235920852359,0.3002283105022831,True,education,onlinelearningapp,bangalore,privateequity,True
2480,0.000380517503805175,0.1997716894977169,0.4284627092846271,0.04033485540334855,True,fundraisingplatformforstartups,unknown,pune,seedfunding,True
1306,0.00228310502283105,0.000380517503805175,0.4585235920852359,0.1997716894977169,True,others,equipmentrentalandleasingcompany,mumbai,privateequity,True
972,0.18188736681887366,0.000380517503805175,0.4585235920852359,0.04033485540334855,True,technology,marketingresearchcompany,pune,privateequity,True
674,0.18188736681887366,0.000380517503805175,0.00989345509893455,0.10235920852359208,False,technology,saasbasedsalesforceautomationservices,gurgaon,debtfunding,True
423,0.18188736681887366,0.000380517503805175,0.4585235920852359,0.1997716894977169,True,technology,browsertesting,mumbai,privateequity,True
1059,0.3569254185692542,0.00076103500761035,0.4284627092846271,0.10235920852359208,False,consumerinternet,coworkingspacesbookingplatform,gurgaon,seedfunding,True
522,0.3569254185692542,0.000380517503805175,0.4284627092846271,0.1997716894977169,False,consumerinternet,homeloandownpaymentassistanceprogram,mumbai,seedfunding,True
2828,0.000380517503805175,0.1997716894977169,0.4585235920852359,0.10235920852359208,True,restaurantreviews,unknown,gurgaon,privateequity,True
1566,0.3569254185692542,0.000380517503805175,0.4284627092846271,0.14117199391171995,False,consumerinternet,ondemandhealthcareserviceprovider,newdelhi,seedfunding,False
1332,0.18188736681887366,0.000380517503805175,0.4585235920852359,0.3002283105022831,True,technology,electricvehiclemanufacturer,bangalore,privateequity,True
746,0.18188736681887366,0.000380517503805175,0.4585235920852359,0.3002283105022831,True,technology,csrandsustainabilitymanagementplatform,bangalore,privateequity,True
2220,0.000380517503805175,0.1997716894977169,0.4284627092846271,0.03576864535768645,True,mobilegrowthhackingplatform,unknown,hyderabad,seedfunding,True
1308,0.3569254185692542,0.000380517503805175,0.4585235920852359,0.1997716894977169,False,consumerinternet,parentingandchildcareportal,mumbai,privateequity,True
1734,0.3569254185692542,0.000380517503805175,0.4284627092846271,0.14117199391171995,False,consumerinternet,locationbasedsports&fitnessdiscoveryapp,newdelhi,seedfunding,False
1151,0.18188736681887366,0.000380517503805175,0.4284627092846271,0.3002283105022831,False,technology,medicalgradewearablepatchmaker,bangalore,seedfunding,False
892,0.18188736681887366,0.000380517503805175,0.4284627092846271,0.14117199391171995,False,technology,healthtechnologyplatform,newdelhi,seedfunding,False
990,0.18188736681887366,0.000380517503805175,0.4585235920852359,0.1997716894977169,True,technology,turnkeysolarsolutions,mumbai,privateequity,True
391,0.18188736681887366,0.000380517503805175,0.0030441400304414,0.1997716894977169,False,technology,mobileappanalytics,mumbai,angel/seedfunding,True
6,0.00076103500761035,0.001902587519025875,0.0015220700152207,0.10235920852359208,True,hospitality,onlinefooddeliveryplatform,gurgaon,privateequityround,True
641,0.18188736681887366,0.000380517503805175,0.4585235920852359,0.14117199391171995,False,technology,restaurantmanagementsolutions,newdelhi,privateequity,True
1573,0.3569254185692542,0.000380517503805175,0.4284627092846271,0.03576864535768645,True,consumerinternet,digitalmediaandentertainmentstartup,hyderabad,seedfunding,True
361,0.027777777777777776,0.000380517503805175,0.4585235920852359,0.000380517503805175,False,healthcare,virtualhealthclinics,bhubaneswar,privateequity,True
39,0.000380517503805175,0.000380517503805175,0.0091324200913242,0.000380517503805175,True,iot,buildingautomationsystem,burnsville,seriesa,True
446,0.18188736681887366,0.000380517503805175,0.4585235920852359,0.03576864535768645,True,technology,adaptivefraudintelligenceplatform,hyderabad,privateequity,True
1211,0.18188736681887366,0.000380517503805175,0.4585235920852359,0.04033485540334855,True,technology,techdrivenlogistic&distributionplatform,pune,privateequity,True
85,0.0060882800608828,0.00076103500761035,0.0091324200913242,0.000380517503805175,True,fintech,financialservices,haryana,seriesa,True
154,0.027777777777777776,0.000380517503805175,0.04946727549467275,0.01293759512937595,True,healthcare,healthcareserviceprovider,delhi,seed/angelfunding,True
2103,0.18188736681887366,0.000380517503805175,0.4585235920852359,0.14117199391171995,True,technology,mobile&cloudbasedappdeveloper,newdelhi,privateequity,True
2320,0.000380517503805175,0.1997716894977169,0.4284627092846271,0.1997716894977169,True,ondemandhealthcaremarketplace,unknown,mumbai,seedfunding,True
402,0.18188736681887366,0.00076103500761035,0.4585235920852359,0.3002283105022831,True,technology,paymentgateway,bangalore,privateequity,True
776,0.3569254185692542,0.000380517503805175,0.4585235920852359,0.3002283105022831,False,consumerinternet,unifieddataanalysisplatform,bangalore,privateequity,True
1152,0.3569254185692542,0.000380517503805175,0.4284627092846271,0.004946727549467275,True,consumerinternet,onlineshare&commoditybrokingplatform,indore,seedfunding,False
2773,0.000380517503805175,0.1997716894977169,0.4585235920852359,0.3002283105022831,True,clouddataintegrationplatform,unknown,bangalore,privateequity,True
325,0.18188736681887366,0.000380517503805175,0.00989345509893455,0.0334855403348554,True,technology,"creativedesign,brand,mediaandtechnologyplatformsolutions",chennai,debtfunding,True
1042,0.0121765601217656,0.000380517503805175,0.4585235920852359,0.3002283105022831,True,logistics,onlinefreightaggregator,bangalore,privateequity,True
1750,0.0121765601217656,0.000380517503805175,0.4585235920852359,0.10235920852359208,True,logistics,logisticssolutions,gurgaon,privateequity,True
1612,0.3569254185692542,0.000380517503805175,0.4585235920852359,0.00076103500761035,False,consumerinternet,web/mobilemusicstreamingservice,usa,privateequity,True
1942,0.3569254185692542,0.000380517503805175,0.4284627092846271,0.004946727549467275,False,consumerinternet,retailersupplychainplatform,indore,seedfunding,False
1196,0.0121765601217656,0.000380517503805175,0.4585235920852359,0.3002283105022831,True,logistics,lastmiledeliverynetwork,bangalore,privateequity,True
136,0.00228310502283105,0.000380517503805175,0.000380517503805175,0.3002283105022831,True,healthandwellness,wellnesscoach,bangalore,seriesb(extension),True
1772,0.3569254185692542,0.000380517503805175,0.4284627092846271,0.032343987823439876,False,consumerinternet,loancomparisonportal,noida,seedfunding,True
1453,0.18188736681887366,0.000380517503805175,0.4284627092846271,0.3002283105022831,False,technology,mobilechatbotapp,bangalore,seedfunding,False
2858,0.000380517503805175,0.1997716894977169,0.4284627092846271,0.04033485540334855,True,restaurantmanagementplatform,unknown,pune,seedfunding,True
1911,0.3569254185692542,0.000380517503805175,0.4284627092846271,0.04033485540334855,True,consumerinternet,beauty&wellnessplatform,pune,seedfunding,True
1507,0.0121765601217656,0.000380517503805175,0.4585235920852359,0.1997716894977169,True,logistics,hyperlocallogisticsservice,mumbai,privateequity,True
160,0.18188736681887366,0.000380517503805175,0.4585235920852359,0.3002283105022831,True,technology,aibasedenergyoptimisationandcontrolprovider,bangalore,privateequity,True
214,0.3569254185692542,0.000380517503805175,0.4585235920852359,0.04033485540334855,True,consumerinternet,onlineinsurancestartup,pune,privateequity,True
1418,0.3569254185692542,0.000380517503805175,0.4284627092846271,0.3002283105022831,False,consumerinternet,hyperlocaldailyneedsproductsdeliveryplatform,bangalore,seedfunding,True
1692,0.3569254185692542,0.00380517503805175,0.4585235920852359,0.3002283105022831,True,consumerinternet,fooddeliveryplatform,bangalore,privateequity,True
1870,0.3569254185692542,0.000380517503805175,0.4284627092846271,0.3002283105022831,True,consumerinternet,onlineinvestmentmanagementportal,bangalore,seedfunding,True
698,0.18188736681887366,0.000380517503805175,0.4585235920852359,0.04033485540334855,True,technology,enterprisebankingsolutions,pune,privateequity,True
1207,0.18188736681887366,0.00076103500761035,0.4585235920852359,0.3002283105022831,False,technology,datasciencesplatform,bangalore,privateequity,True
1210,0.18188736681887366,0.000380517503805175,0.4585235920852359,0.002663622526636225,True,technology,banking&fintechplatform,singapore,privateequity,True
2704,0.000380517503805175,0.1997716894977169,0.4585235920852359,0.0136986301369863,True,globalhealthcareproducts,unknown,ahmedabad,privateequity,True
2123,0.000380517503805175,0.1997716894977169,0.4284627092846271,0.10235920852359208,True,carmaintenance&managementmobileapp,unknown,gurgaon,seedfunding,True
699,0.18188736681887366,0.000380517503805175,0.4585235920852359,0.032343987823439876,False,technology,mobileservices&solutions,noida,privateequity,True
707,0.11377473363774733,0.000380517503805175,0.4284627092846271,0.10235920852359208,True,ecommerce,onlinemarketplaceforconstructionmaterial,gurgaon,seedfunding,False
604,0.18188736681887366,0.000380517503805175,0.4585235920852359,0.1997716894977169,True,technology,virtualrealitygamingandentertainmentplatform,mumbai,privateequity,True
845,0.18188736681887366,0.000380517503805175,0.4284627092846271,0.14117199391171995,False,technology,imageprocessingsolution,newdelhi,seedfunding,False
1563,0.3569254185692542,0.000380517503805175,0.4284627092846271,0.004946727549467275,False,consumerinternet,freeadbasedvoicecalling,indore,seedfunding,False
2738,0.000380517503805175,0.1997716894977169,0.4284627092846271,0.3002283105022831,True,appanalyticsplatform,unknown,bangalore,seedfunding,True
86,0.0060882800608828,0.007990867579908675,0.0076103500761035,0.001141552511415525,True,fintech,onlinelendingplatform,newyork,seriesb,True
1700,0.3569254185692542,0.000380517503805175,0.4284627092846271,0.0015220700152207,False,consumerinternet,hindisocialnetworkingportal,kanpur,seedfunding,True
1433,0.3569254185692542,0.000380517503805175,0.4284627092846271,0.3002283105022831,True,consumerinternet,photosharingmobileapp,bangalore,seedfunding,True
1685,0.18188736681887366,0.000380517503805175,0.4585235920852359,0.3002283105022831,True,technology,logisticsintelligenceplatform,bangalore,privateequity,True
906,0.3569254185692542,0.000380517503805175,0.4585235920852359,0.10235920852359208,True,consumerinternet,brandedbudgethotelsaggregator,gurgaon,privateequity,True
2362,0.000380517503805175,0.1997716894977169,0.4585235920852359,0.011035007610350075,True,onlinepaymentgateway,unknown,jaipur,privateequity,True
1045,0.11377473363774733,0.00076103500761035,0.4284627092846271,0.1997716894977169,False,ecommerce,fashionecommerceportal,mumbai,seedfunding,True
2148,0.000380517503805175,0.1997716894977169,0.4284627092846271,0.03576864535768645,True,testautomationsaasplatform,unknown,hyderabad,seedfunding,True
1845,0.18188736681887366,0.000380517503805175,0.4284627092846271,0.1997716894977169,False,technology,aibaseddataanalyticsplatform,mumbai,seedfunding,False
1584,0.11377473363774733,0.000380517503805175,0.4585235920852359,0.3002283105022831,True,ecommerce,connectingsmalltownconsumerstoecommerce,bangalore,privateequity,True
1121,0.3569254185692542,0.00076103500761035,0.4284627092846271,0.004946727549467275,False,consumerinternet,onlinefoodordering&deliveryportal,indore,seedfunding,False
1285,0.18188736681887366,0.000380517503805175,0.4284627092846271,0.00684931506849315,False,technology,marketing&customeranalyticssolutions,kolkata,seedfunding,False
715,0.3569254185692542,0.000380517503805175,0.4284627092846271,0.3002283105022831,True,consumerinternet,assistedlearningstartup,bangalore,seedfunding,True
409,0.3569254185692542,0.00076103500761035,0.4585235920852359,0.3002283105022831,True,consumerinternet,foodandbeverages,bangalore,privateequity,True
1626,0.3569254185692542,0.000380517503805175,0.4585235920852359,0.032343987823439876,False,consumerinternet,onlineprocurementmarketplace,noida,privateequity,True
811,0.11377473363774733,0.001902587519025875,0.4585235920852359,0.10235920852359208,True,ecommerce,onlinemarketplace,gurgaon,privateequity,True
936,0.18188736681887366,0.000380517503805175,0.4585235920852359,0.0136986301369863,True,technology,ecommercemobileappbuilder,ahmedabad,privateequity,True
1827,0.0091324200913242,0.000380517503805175,0.4585235920852359,0.1997716894977169,True,education,financialservices&analyticseducationinstitute,mumbai,privateequity,True
2414,0.000380517503805175,0.1997716894977169,0.4585235920852359,0.00076103500761035,True,earlycancerdetectionsolutions,unknown,us,privateequity,True
834,0.0121765601217656,0.000380517503805175,0.4585235920852359,0.14117199391171995,True,logistics,ecommercelogisticsprovider,newdelhi,privateequity,True
2724,0.000380517503805175,0.1997716894977169,0.4585235920852359,0.3002283105022831,True,datadrivenrecruitmentrecommendation,unknown,bangalore,privateequity,True
2049,0.18188736681887366,0.000380517503805175,0.4284627092846271,0.10235920852359208,False,technology,tvtomobileaudienceplatform,gurgaon,seedfunding,False
1567,0.18188736681887366,0.000380517503805175,0.4585235920852359,0.1997716894977169,True,technology,"smart,energyefficienthomeappliancemanufacturer",mumbai,privateequity,True
611,0.02359208523592085,0.000380517503805175,0.4585235920852359,0.000380517503805175,True,finance,financialservicesfirm,gaya,privateequity,True
898,0.18188736681887366,0.000380517503805175,0.4585235920852359,0.14117199391171995,True,technology,cybersecuritysolutionsusingai,newdelhi,privateequity,True
261,0.18188736681887366,0.000380517503805175,0.04946727549467275,0.1997716894977169,True,technology,aiproductcompanyforhealthandlifeinsuranecompanies,mumbai,seed/angelfunding,True
1992,0.3569254185692542,0.000380517503805175,0.4284627092846271,0.03576864535768645,True,consumerinternet,onlineweddingservicesmarketplace,hyderabad,seedfunding,True
2306,0.000380517503805175,0.1997716894977169,0.4585235920852359,0.1997716894977169,True,onlinehomeopathyclinic,unknown,mumbai,privateequity,True
1644,0.3569254185692542,0.000380517503805175,0.4284627092846271,0.3002283105022831,True,consumerinternet,onlinespa&salondiscovery&bookingplatform,bangalore,seedfunding,True
1416,0.3569254185692542,0.000380517503805175,0.4585235920852359,0.04033485540334855,True,consumerinternet,hyperlocalgrocerydeliveryplatform,pune,privateequity,True
210,0.18188736681887366,0.00076103500761035,0.04946727549467275,0.3002283105022831,False,technology,bicyclesharingplatform,bangalore,seed/angelfunding,True
1368,0.11377473363774733,0.000380517503805175,0.4284627092846271,0.00076103500761035,False,ecommerce,footwear&leatherb2bapp,agra,seedfunding,False
2284,0.000380517503805175,0.1997716894977169,0.4284627092846271,0.1997716894977169,True,charactermerchandizesalesplatform,unknown,mumbai,seedfunding,True
2089,0.11377473363774733,0.000380517503805175,0.4585235920852359,0.00076103500761035,False,ecommerce,specialtyteaetailer,siliguri,privateequity,False
2819,0.00076103500761035,0.1997716894977169,0.4585235920852359,0.10235920852359208,True,digital/mobilewallet,unknown,gurgaon,privateequity,True
1718,0.3569254185692542,0.000380517503805175,0.4284627092846271,0.14117199391171995,True,consumerinternet,cabaggregatingplatform,newdelhi,seedfunding,False
79,0.00076103500761035,0.00076103500761035,0.003424657534246575,0.03576864535768645,True,wastemanagementservice,optimization,hyderabad,preseriesa,True
1703,0.3569254185692542,0.000380517503805175,0.4585235920852359,0.0334855403348554,True,consumerinternet,budgetroomaggregatorbookingplatform,chennai,privateequity,True
778,0.3569254185692542,0.000380517503805175,0.4284627092846271,0.14117199391171995,False,consumerinternet,fitnesscentrediscoveryplatform,newdelhi,seedfunding,False
15,0.00076103500761035,0.000380517503805175,0.002663622526636225,0.032343987823439876,True,gaming,realmoneybasedgamingstartup,noida,seedround,True
963,0.3569254185692542,0.000380517503805175,0.4585235920852359,0.14117199391171995,True,consumerinternet,digitalmediapublicationforwomen,newdelhi,privateequity,True
2012,0.3569254185692542,0.000380517503805175,0.4284627092846271,0.3002283105022831,True,consumerinternet,ridesharingplatform,bangalore,seedfunding,True
194,0.3569254185692542,0.000380517503805175,0.04946727549467275,0.3002283105022831,True,consumerinternet,onlineplatformforriskassessmentservicesforrealestateinvestments,bangalore,seed/angelfunding,True
638,0.3569254185692542,0.000380517503805175,0.4284627092846271,0.011035007610350075,False,consumerinternet,recruitmentportal,jaipur,seedfunding,False
1486,0.3569254185692542,0.00076103500761035,0.4585235920852359,0.1997716894977169,True,consumerinternet,lendingplatformforsalariedprofessionals,mumbai,privateequity,True
537,0.3569254185692542,0.000380517503805175,0.4585235920852359,0.3002283105022831,False,consumerinternet,autoservicelogistics&saasplatform,bangalore,privateequity,True
317,0.11377473363774733,0.001141552511415525,0.4585235920852359,0.3002283105022831,True,ecommerce,onlinefurniturestore,bangalore,privateequity,True
584,0.3569254185692542,0.000380517503805175,0.4585235920852359,0.1997716894977169,True,consumerinternet,onlinecreditscoringplatform,mumbai,privateequity,True
2806,0.000380517503805175,0.1997716894977169,0.4284627092846271,0.3002283105022831,True,lastmilelogistics,unknown,bangalore,seedfunding,True
1471,0.11377473363774733,0.000380517503805175,0.4284627092846271,0.3002283105022831,True,ecommerce,homefurnishingrentalmarketplace,bangalore,seedfunding,False
2174,0.000380517503805175,0.1997716894977169,0.4585235920852359,0.14117199391171995,True,logisticsserviceprovidermarketplace,unknown,newdelhi,privateequity,True
1532,0.3569254185692542,0.000380517503805175,0.4284627092846271,0.10235920852359208,True,consumerinternet,onlinefoodordering&deliverystartup,gurgaon,seedfunding,True
625,0.3569254185692542,0.000380517503805175,0.4284627092846271,0.3002283105022831,False,consumerinternet,languagelearningmobileapp,bangalore,seedfunding,True
1606,0.3569254185692542,0.000380517503805175,0.4585235920852359,0.3002283105022831,True,consumerinternet,onlinealternativehealthcommunityplatform,bangalore,privateequity,True
246,0.02359208523592085,0.000380517503805175,0.4585235920852359,0.1997716894977169,True,finance,tradefinancefirm,mumbai,privateequity,True
1619,0.3569254185692542,0.000380517503805175,0.4284627092846271,0.3002283105022831,False,consumerinternet,fitnesscentrediscovery&bookingmobileapp,bangalore,seedfunding,True
329,0.3569254185692542,0.000380517503805175,0.04946727549467275,0.1997716894977169,True,consumerinternet,healthcareaggregator,mumbai,seed/angelfunding,True
128,0.11377473363774733,0.00076103500761035,0.00532724505327245,0.3002283105022831,True,ecommerce,socialcommerce,bangalore,seriesc,True
1047,0.18188736681887366,0.000380517503805175,0.4284627092846271,0.0334855403348554,False,technology,blendedlearningdeliveryappforschools&corporates,chennai,seedfunding,True
117,0.00228310502283105,0.000380517503805175,0.0045662100456621,0.001902587519025875,True,healthandwellness,specialtypharmaceutical,india,seriesd,True
1225,0.18188736681887366,0.000380517503805175,0.4284627092846271,0.10235920852359208,True,technology,cashflowmanagementsolutionforbusinesses,gurgaon,seedfunding,False
88,0.001141552511415525,0.000380517503805175,0.0091324200913242,0.1997716894977169,True,services,digitaldocumentation,mumbai,seriesa,True
371,0.007229832572298325,0.001902587519025875,0.4585235920852359,0.1997716894977169,True,edtech,onlineeducationplatform,mumbai,privateequity,True
1093,0.18188736681887366,0.003424657534246575,0.4284627092846271,0.3002283105022831,False,technology,onlinelearningplatform,bangalore,seedfunding,True
862,0.18188736681887366,0.000380517503805175,0.4585235920852359,0.04033485540334855,True,technology,appbasedlogistics&distributionplatform,pune,privateequity,True
653,0.3569254185692542,0.000380517503805175,0.4585235920852359,0.10235920852359208,True,consumerinternet,appbasedcabaggregationservice,gurgaon,privateequity,True
2361,0.000380517503805175,0.1997716894977169,0.4585235920852359,0.0334855403348554,True,onlinepharmacy,unknown,chennai,privateequity,True
1153,0.3569254185692542,0.000380517503805175,0.4284627092846271,0.04033485540334855,True,consumerinternet,financialservicesforunorganizedworkforce,pune,seedfunding,True
1903,0.027777777777777776,0.000380517503805175,0.4284627092846271,0.03576864535768645,False,healthcare,familystemcellbankingservices,hyderabad,seedfunding,True
2053,0.3569254185692542,0.000380517503805175,0.4284627092846271,0.1997716894977169,False,consumerinternet,healthcareaggregatorplatform,mumbai,seedfunding,True
1909,0.18188736681887366,0.000380517503805175,0.4284627092846271,0.10235920852359208,True,technology,augmentedrealitysolutions,gurgaon,seedfunding,False
1661,0.3569254185692542,0.000380517503805175,0.4284627092846271,0.1997716894977169,False,consumerinternet,mobilebasedvehiclemaintenanceapp,mumbai,seedfunding,True
135,0.000380517503805175,0.000380517503805175,0.0076103500761035,0.000380517503805175,True,automation,robotics,california,seriesb,True
1291,0.11377473363774733,0.000380517503805175,0.4284627092846271,0.00076103500761035,False,ecommerce,b2bmarketplaceforshoes,agra,seedfunding,False
2131,0.000380517503805175,0.1997716894977169,0.4284627092846271,0.1997716894977169,True,cabsharingservicemobileapp,unknown,mumbai,seedfunding,True
637,0.0121765601217656,0.00076103500761035,0.4284627092846271,0.1997716894977169,True,logistics,ondemandlogisticsserviceprovider,mumbai,seedfunding,True
1052,0.3569254185692542,0.000380517503805175,0.4585235920852359,0.0334855403348554,True,consumerinternet,movieticketbookingplatform,chennai,privateequity,True
1683,0.11377473363774733,0.000380517503805175,0.4284627092846271,0.3002283105022831,False,ecommerce,socialcommerceplatform,bangalore,seedfunding,False
911,0.3569254185692542,0.000380517503805175,0.4585235920852359,0.1997716894977169,True,consumerinternet,collaborativecoworkingspaces,mumbai,privateequity,True
376,0.02359208523592085,0.000380517503805175,0.04946727549467275,0.3002283105022831,True,finance,expensemanagement,bangalore,seed/angelfunding,True
1587,0.11377473363774733,0.000380517503805175,0.4284627092846271,0.00076103500761035,False,ecommerce,onlineteastore,siliguri,seedfunding,False
743,0.3569254185692542,0.000380517503805175,0.4284627092846271,0.1997716894977169,True,consumerinternet,onlineroomsaggregationplatform,mumbai,seedfunding,True
661,0.3569254185692542,0.000380517503805175,0.4284627092846271,0.1997716894977169,False,consumerinternet,instantmessagingplatform,mumbai,seedfunding,True
1253,0.00837138508371385,0.000380517503805175,0.4284627092846271,0.032343987823439876,True,food&beverage,quickservicerestaurants,noida,seedfunding,True
2434,0.000380517503805175,0.1997716894977169,0.4585235920852359,0.3002283105022831,True,homemedicalcareservices,unknown,bangalore,privateequity,True
2209,0.000380517503805175,0.1997716894977169,0.4284627092846271,0.00076103500761035,True,onlinecounsellingandpsychologicalsupportplatform,unknown,gwalior,seedfunding,True
1317,0.3569254185692542,0.000380517503805175,0.4585235920852359,0.032343987823439876,False,consumerinternet,traintravelinfomobileapp,noida,privateequity,True
907,0.3569254185692542,0.000380517503805175,0.4585235920852359,0.1997716894977169,True,consumerinternet,learningmobileappforstudents,mumbai,privateequity,True
1517,0.3569254185692542,0.000380517503805175,0.4585235920852359,0.14117199391171995,True,consumerinternet,gamifiedconsumerinsightsportal,newdelhi,privateequity,True
2388,0.000380517503805175,0.1997716894977169,0.4585235920852359,0.14117199391171995,True,cloudsoftwaresolutions,unknown,newdelhi,privateequity,True
2672,0.000380517503805175,0.1997716894977169,0.4585235920852359,0.1997716894977169,True,onlinefashionvideoportal,unknown,mumbai,privateequity,True
124,0.00076103500761035,0.00076103500761035,0.4284627092846271,0.004946727549467275,True,b2b,ecommerce,indore,seedfunding,False
810,0.3569254185692542,0.000380517503805175,0.4585235920852359,0.032343987823439876,True,consumerinternet,videointelligenceplatform,noida,privateequity,True
1091,0.18188736681887366,0.000380517503805175,0.4284627092846271,0.14117199391171995,False,technology,borderintrusionalertsolutions,newdelhi,seedfunding,False
278,0.18188736681887366,0.000380517503805175,0.4585235920852359,0.3002283105022831,True,technology,iotapplicationplatforminagriculture,bangalore,privateequity,True
2072,0.11377473363774733,0.000380517503805175,0.4585235920852359,0.04033485540334855,False,ecommerce,kidsfocusedetailer,pune,privateequity,True
958,0.3569254185692542,0.000380517503805175,0.4585235920852359,0.14117199391171995,False,consumerinternet,onlinedermatologyconsultationplatform,newdelhi,privateequity,True
550,0.3569254185692542,0.000380517503805175,0.4585235920852359,0.3002283105022831,True,consumerinternet,foodorderingportal,bangalore,privateequity,True
1474,0.0091324200913242,0.000380517503805175,0.4585235920852359,0.032343987823439876,True,education,edutainmentplatform,noida,privateequity,True
1156,0.18188736681887366,0.000380517503805175,0.4585235920852359,0.1997716894977169,True,technology,digitalentertainmentcompany,mumbai,privateequity,True
427,0.18188736681887366,0.000380517503805175,0.4585235920852359,0.3002283105022831,True,technology,educationsolutions,bangalore,privateequity,True
847,0.0121765601217656,0.000380517503805175,0.4284627092846271,0.3002283105022831,False,logistics,expresslogisticsnetwork,bangalore,seedfunding,True
2352,0.00076103500761035,0.1997716894977169,0.4284627092846271,0.3002283105022831,True,residentialrentalmanagementplatform,unknown,bangalore,seedfunding,True
961,0.3569254185692542,0.000380517503805175,0.4585235920852359,0.1997716894977169,True,consumerinternet,loyaltyrewardsapp,mumbai,privateequity,True
494,0.18188736681887366,0.000380517503805175,0.4585235920852359,0.3002283105022831,True,technology,aibasedfintechplatform,bangalore,privateequity,True
1523,0.18188736681887366,0.000380517503805175,0.4585235920852359,0.10235920852359208,True,technology,cartracking&safetysystem,gurgaon,privateequity,True
1596,0.18188736681887366,0.000380517503805175,0.4585235920852359,0.14117199391171995,False,technology,dataanalyticsbasedcustomermanagementservices,newdelhi,privateequity,True
275,0.3569254185692542,0.0015220700152207,0.04946727549467275,0.01902587519025875,True,consumerinternet,onlineinsuranceplatform,gurugram,seed/angelfunding,True
1887,0.18188736681887366,0.000380517503805175,0.4284627092846271,0.03576864535768645,True,technology,interiorpaintingautomation,hyderabad,seedfunding,True
954,0.027777777777777776,0.000380517503805175,0.4284627092846271,0.14117199391171995,True,healthcare,femalehygieneproductmanufacturer,newdelhi,seedfunding,False
354,0.3569254185692542,0.001141552511415525,0.4585235920852359,0.01902587519025875,True,consumerinternet,onlineplatformforhighereducationservices,gurugram,privateequity,True
147,0.001141552511415525,0.000380517503805175,0.00076103500761035,0.10235920852359208,True,automobile,newandusedcarsplatform,gurgaon,seriese,True
2823,0.00076103500761035,0.1997716894977169,0.4284627092846271,0.00684931506849315,True,digital/mobilewallet,unknown,kolkata,seedfunding,True
2391,0.000380517503805175,0.1997716894977169,0.4585235920852359,0.3002283105022831,True,smallbusinessfinancing(nbfc),unknown,bangalore,privateequity,True
909,0.3569254185692542,0.00076103500761035,0.4284627092846271,0.10235920852359208,True,consumerinternet,coworkingspacesbookingplatform,gurgaon,seedfunding,True
1327,0.3569254185692542,0.000380517503805175,0.4284627092846271,0.14117199391171995,True,consumerinternet,socialmediamarketingplatform,newdelhi,seedfunding,False
2756,0.001902587519025875,0.1997716894977169,0.4284627092846271,0.3002283105022831,True,onlinefooddelivery,unknown,bangalore,seedfunding,True
1360,0.3569254185692542,0.000380517503805175,0.4284627092846271,0.032343987823439876,True,consumerinternet,onlinehealth&wellnessplatform,noida,seedfunding,True
2152,0.000380517503805175,0.1997716894977169,0.4284627092846271,0.3002283105022831,True,onlinertiapplicationservices,unknown,bangalore,seedfunding,True
1116,0.3569254185692542,0.000380517503805175,0.4585235920852359,0.14117199391171995,True,consumerinternet,onlineinstantpersonalloanprovider,newdelhi,privateequity,True
239,0.3569254185692542,0.000380517503805175,0.04946727549467275,0.01902587519025875,False,consumerinternet,"alocaldiscoveryappfordiningout,party,leisureandevents",gurugram,seed/angelfunding,True
56,0.00228310502283105,0.000380517503805175,0.00532724505327245,0.3002283105022831,True,foodandbeverage,b2bfoodtech,bangalore,seriesc,True
730,0.3569254185692542,0.000380517503805175,0.4585235920852359,0.10235920852359208,False,consumerinternet,forprofitsocialventure,gurgaon,privateequity,True
1406,0.11377473363774733,0.000380517503805175,0.4284627092846271,0.14117199391171995,True,ecommerce,localcommerceplatform,newdelhi,seedfunding,False
607,0.11377473363774733,0.000380517503805175,0.4585235920852359,0.10235920852359208,True,ecommerce,pregnancy&babycareproductetailer,gurgaon,privateequity,True
1438,0.18188736681887366,0.000380517503805175,0.4585235920852359,0.03576864535768645,True,technology,cloudbasedsoftwaresolutionsprovider,hyderabad,privateequity,True
404,0.02359208523592085,0.000380517503805175,0.4585235920852359,0.3002283105022831,True,finance,venturecapital,bangalore,privateequity,True
602,0.18188736681887366,0.000380517503805175,0.4284627092846271,0.0334855403348554,True,technology,telecom&iotplatform,chennai,seedfunding,True
2563,0.000380517503805175,0.1997716894977169,0.4284627092846271,0.04033485540334855,True,qsrrestaurantchain,unknown,pune,seedfunding,True
545,0.3569254185692542,0.00076103500761035,0.4585235920852359,0.10235920852359208,True,consumerinternet,onlineinsurancepolicyaggregator,gurgaon,privateequity,True
2420,0.000380517503805175,0.1997716894977169,0.4284627092846271,0.032343987823439876,True,brandedbudgethotelmarketplace,unknown,noida,seedfunding,True
292,0.3569254185692542,0.00076103500761035,0.4585235920852359,0.01902587519025875,True,consumerinternet,onlinetravelmarketplace,gurugram,privateequity,True
461,0.18188736681887366,0.000380517503805175,0.4585235920852359,0.1997716894977169,False,technology,saasbasedbigdataanalyticsplatform,mumbai,privateequity,True
2223,0.000380517503805175,0.1997716894977169,0.4585235920852359,0.3002283105022831,True,marketplaceappforbangkok,unknown,bangalore,privateequity,True
836,0.11377473363774733,0.000380517503805175,0.4284627092846271,0.03576864535768645,False,ecommerce,travelecommerceportal,hyderabad,seedfunding,True
1673,0.18188736681887366,0.000380517503805175,0.4585235920852359,0.1997716894977169,True,technology,enterprisesecuritytechnologyplatform,mumbai,privateequity,True
1853,0.3569254185692542,0.00076103500761035,0.4284627092846271,0.04033485540334855,False,consumerinternet,carpoolingmobileapp,pune,seedfunding,True
2552,0.000380517503805175,0.1997716894977169,0.4585235920852359,0.1997716894977169,True,crosschannelcrmplatform,unknown,mumbai,privateequity,True
849,0.3569254185692542,0.000380517503805175,0.4585235920852359,0.1997716894977169,True,consumerinternet,subscriptionbaseddeliveryplatform,mumbai,privateequity,True
309,0.18188736681887366,0.000380517503805175,0.4585235920852359,0.01293759512937595,True,technology,womenfocusseddigitalmediaplatform,delhi,privateequity,True
2668,0.00076103500761035,0.1997716894977169,0.4284627092846271,0.1997716894977169,True,usedcarmarketplace,unknown,mumbai,seedfunding,True
2510,0.000380517503805175,0.1997716894977169,0.4284627092846271,0.04033485540334855,True,subscriptionbasedonlinegroceryplatform,unknown,pune,seedfunding,True
1514,0.18188736681887366,0.000380517503805175,0.4284627092846271,0.0136986301369863,True,technology,fullstackoffline&onlineerpsolution,ahmedabad,seedfunding,False
1283,0.18188736681887366,0.000380517503805175,0.4585235920852359,0.1997716894977169,True,technology,sportstraining&technology,mumbai,privateequity,True
1305,0.3569254185692542,0.000380517503805175,0.4284627092846271,0.10235920852359208,True,consumerinternet,appbasedtraveldiscoveryandtransactionsplatform,gurgaon,seedfunding,True
1503,0.3569254185692542,0.000380517503805175,0.4585235920852359,0.3002283105022831,True,consumerinternet,mobilemarketplaceforcrowdsourcedwork,bangalore,privateequity,True
280,0.3569254185692542,0.000380517503805175,0.4585235920852359,0.1997716894977169,True,consumerinternet,onlinefitnessdiscoveyplatform,mumbai,privateequity,True
277,0.3569254185692542,0.000380517503805175,0.4585235920852359,0.3002283105022831,False,consumerinternet,eventsandactivitiesdiscoveryplatform,bangalore,privateequity,True
765,0.18188736681887366,0.000380517503805175,0.4585235920852359,0.1997716894977169,True,technology,pointofsaleservices,mumbai,privateequity,True
2305,0.000380517503805175,0.1997716894977169,0.4284627092846271,0.10235920852359208,True,qsr&onlinedeliveryportal,unknown,gurgaon,seedfunding,True
1615,0.3569254185692542,0.001141552511415525,0.4585235920852359,0.14117199391171995,True,consumerinternet,onlinetaxfilingplatform,newdelhi,privateequity,True
883,0.3569254185692542,0.000380517503805175,0.4585235920852359,0.3002283105022831,True,consumerinternet,onlineskillassessmentplatform,bangalore,privateequity,True
2546,0.000380517503805175,0.1997716894977169,0.4284627092846271,0.0136986301369863,True,foodcustomeranalyticsplatform,unknown,ahmedabad,seedfunding,True
1110,0.11377473363774733,0.000380517503805175,0.4284627092846271,0.1997716894977169,True,ecommerce,usedfurnituremarketplace,mumbai,seedfunding,False
267,0.02359208523592085,0.001902587519025875,0.04946727549467275,0.3002283105022831,True,finance,microlendingplatform,bangalore,seed/angelfunding,True
2609,0.000380517503805175,0.1997716894977169,0.4585235920852359,0.10235920852359208,True,contactcentersoftwareplatform,unknown,gurgaon,privateequity,True
609,0.18188736681887366,0.000380517503805175,0.4585235920852359,0.03576864535768645,True,technology,integratedreceivablessoftwaresolutions,hyderabad,privateequity,True
2082,0.18188736681887366,0.000380517503805175,0.4284627092846271,0.3002283105022831,True,technology,homeautomation&securitysolutions,bangalore,seedfunding,False
483,0.18188736681887366,0.000380517503805175,0.4585235920852359,0.3002283105022831,True,technology,distanceeducationlearningplatform,bangalore,privateequity,True
1609,0.3569254185692542,0.00076103500761035,0.4585235920852359,0.14117199391171995,True,consumerinternet,contactmanagementmobileapp,newdelhi,privateequity,True
1597,0.3569254185692542,0.000380517503805175,0.4585235920852359,0.0334855403348554,False,consumerinternet,internetofthingsplatform,chennai,privateequity,True
232,0.02359208523592085,0.007990867579908675,0.4585235920852359,0.01902587519025875,True,finance,onlinelendingplatform,gurugram,privateequity,True
1098,0.18188736681887366,0.000380517503805175,0.4585235920852359,0.032343987823439876,False,technology,ecommercemarketingsoftware,noida,privateequity,True
1096,0.3569254185692542,0.000380517503805175,0.4585235920852359,0.03576864535768645,True,consumerinternet,platformtotakebusinessesonline,hyderabad,privateequity,True
196,0.3569254185692542,0.000380517503805175,0.04946727549467275,0.01902587519025875,True,consumerinternet,onlineplatformthatconnectsbrandswithfreelancesalesprofessionals,gurugram,seed/angelfunding,True
2378,0.000380517503805175,0.1997716894977169,0.4585235920852359,0.1997716894977169,True,competitiveexamlearningplatform,unknown,mumbai,privateequity,True
1420,0.027777777777777776,0.000380517503805175,0.4585235920852359,0.0334855403348554,False,healthcare,personalgenomics,chennai,privateequity,True
1338,0.3569254185692542,0.000380517503805175,0.4284627092846271,0.1997716894977169,True,consumerinternet,talentdiscovery&auditionmanagementplatform,mumbai,seedfunding,True
1105,0.3569254185692542,0.000380517503805175,0.4585235920852359,0.0136986301369863,True,consumerinternet,healthtestsbookingplatform&epharmacy,ahmedabad,privateequity,True
846,0.11377473363774733,0.000380517503805175,0.4585235920852359,0.1997716894977169,True,ecommerce,onlinemedicalequipmentsupplier,mumbai,privateequity,True
443,0.18188736681887366,0.000380517503805175,0.00989345509893455,0.3002283105022831,True,technology,furniturerentalplatform,bangalore,debtfunding,True
1492,0.3569254185692542,0.000380517503805175,0.4284627092846271,0.14117199391171995,True,consumerinternet,fruit&vegetabledeliveryplatform,newdelhi,seedfunding,False
188,0.02359208523592085,0.000380517503805175,0.4585235920852359,0.1997716894977169,True,finance,privateequityfirm,mumbai,privateequity,True
1373,0.3569254185692542,0.000380517503805175,0.4284627092846271,0.10235920852359208,True,consumerinternet,employeeengagementplatform,gurgaon,seedfunding,True
1318,0.3569254185692542,0.000380517503805175,0.4284627092846271,0.1997716894977169,True,consumerinternet,hyperlocalcommunicationmobileapp,mumbai,seedfunding,True
1525,0.18188736681887366,0.000380517503805175,0.4585235920852359,0.10235920852359208,True,technology,saasbasedserviceagreementmanagement,gurgaon,privateequity,True
2690,0.000380517503805175,0.1997716894977169,0.4284627092846271,0.1997716894977169,True,renewableenergysolutions,unknown,mumbai,seedfunding,True
910,0.3569254185692542,0.00076103500761035,0.4585235920852359,0.10235920852359208,True,consumerinternet,mobileservicesmarketplace,gurgaon,privateequity,True
977,0.11377473363774733,0.00076103500761035,0.4585235920852359,0.1997716894977169,True,ecommerce,onlinefashionmarketplace,mumbai,privateequity,True
1033,0.3569254185692542,0.00076103500761035,0.4585235920852359,0.10235920852359208,True,consumerinternet,mobilebalancecheckingapp,gurgaon,privateequity,True
800,0.3569254185692542,0.000380517503805175,0.4284627092846271,0.14117199391171995,False,consumerinternet,lastminutehotelbookingmobileapp,newdelhi,seedfunding,False
562,0.3569254185692542,0.003424657534246575,0.4284627092846271,0.3002283105022831,True,consumerinternet,onlinelearningplatform,bangalore,seedfunding,False
802,0.00837138508371385,0.000380517503805175,0.4284627092846271,0.14117199391171995,True,food&beverage,coldpressjuicesmanufacturer,newdelhi,seedfunding,True
428,0.18188736681887366,0.000380517503805175,0.4585235920852359,0.1997716894977169,False,technology,iotbasedairpollutioncontroller,mumbai,privateequity,True
1222,0.11377473363774733,0.003424657534246575,0.4284627092846271,0.1997716894977169,False,ecommerce,onlinepharmacy,mumbai,seedfunding,True
1184,0.3569254185692542,0.000380517503805175,0.4284627092846271,0.14117199391171995,False,consumerinternet,healthcareplancomparisonplatform,newdelhi,seedfunding,False
678,0.18188736681887366,0.000380517503805175,0.4585235920852359,0.0136986301369863,True,technology,energymanagementsolutionsprovider,ahmedabad,privateequity,True
1858,0.18188736681887366,0.000380517503805175,0.4585235920852359,0.04033485540334855,True,technology,contractmanagementsoftwaresolutionsplatform,pune,privateequity,True
165,0.02359208523592085,0.000380517503805175,0.04946727549467275,0.04033485540334855,False,finance,patientfinancingplatform,pune,seed/angelfunding,True
1882,0.3569254185692542,0.000380517503805175,0.4284627092846271,0.3002283105022831,True,consumerinternet,ondemand2wheelerservicingplatform,bangalore,seedfunding,True
2034,0.11377473363774733,0.000380517503805175,0.4284627092846271,0.3002283105022831,True,ecommerce,lastminutehotelbookingsmobilemarketplace,bangalore,seedfunding,False
2031,0.11377473363774733,0.000380517503805175,0.4585235920852359,0.10235920852359208,True,ecommerce,onlinefashionapparelretailer,gurgaon,privateequity,True
1331,0.18188736681887366,0.000380517503805175,0.4585235920852359,0.0334855403348554,True,technology,truckfleetoperationplatform,chennai,privateequity,True
755,0.11377473363774733,0.000380517503805175,0.4284627092846271,0.03576864535768645,False,ecommerce,diyprojectkitsseller,hyderabad,seedfunding,True
1379,0.18188736681887366,0.000380517503805175,0.4585235920852359,0.14117199391171995,False,technology,integratedelearningcontentsolutions,newdelhi,privateequity,True
947,0.3569254185692542,0.000380517503805175,0.4585235920852359,0.3002283105022831,True,consumerinternet,intracitylogisticsprovider,bangalore,privateequity,True
2301,0.000380517503805175,0.1997716894977169,0.4284627092846271,0.04033485540334855,True,exclusiveplatformfordoctors&healthcareprofessionals,unknown,pune,seedfunding,True
2571,0.000380517503805175,0.1997716894977169,0.4284627092846271,0.1997716894977169,True,hyperlocalelectronicsrepairservice,unknown,mumbai,seedfunding,True
244,0.007229832572298325,0.000380517503805175,0.04946727549467275,0.04033485540334855,False,edtech,educationservicesprovider,pune,seed/angelfunding,True
1446,0.3569254185692542,0.000380517503805175,0.4585235920852359,0.14117199391171995,True,consumerinternet,budgethotelsaggregator,newdelhi,privateequity,True
1307,0.18188736681887366,0.000380517503805175,0.4284627092846271,0.14117199391171995,True,technology,3dprintingsolutionsforeduspace,newdelhi,seedfunding,False
1690,0.18188736681887366,0.000380517503805175,0.4585235920852359,0.0334855403348554,True,technology,cleanwatertechnology,chennai,privateequity,True
1850,0.18188736681887366,0.000380517503805175,0.4284627092846271,0.032343987823439876,True,technology,virtualrealitysolutions,noida,seedfunding,True
1733,0.18188736681887366,0.000380517503805175,0.4284627092846271,0.1997716894977169,True,technology,safedrivinganalyticsplatform,mumbai,seedfunding,False
1989,0.3569254185692542,0.00076103500761035,0.4284627092846271,0.3002283105022831,True,consumerinternet,hyperlocalhomeservicesprovider,bangalore,seedfunding,True
1071,0.3569254185692542,0.003424657534246575,0.4585235920852359,0.3002283105022831,True,consumerinternet,onlinelearningplatform,bangalore,privateequity,True
2843,0.000380517503805175,0.1997716894977169,0.4585235920852359,0.003424657534246575,True,materialcollection&recycling,unknown,vadodara,privateequity,True
1643,0.3569254185692542,0.000380517503805175,0.4284627092846271,0.3002283105022831,True,consumerinternet,onlinecounselling&personalcoachingplatform,bangalore,seedfunding,True
828,0.11377473363774733,0.000380517503805175,0.4284627092846271,0.1997716894977169,True,ecommerce,onlineluxuryteaetailer,mumbai,seedfunding,False
667,0.18188736681887366,0.000380517503805175,0.4284627092846271,0.3002283105022831,True,technology,software&mobileappdevelopmentplatform,bangalore,seedfunding,False
1904,0.11377473363774733,0.000380517503805175,0.4284627092846271,0.14117199391171995,False,ecommerce,specialtycoffeeetailer,newdelhi,seedfunding,False
1781,0.11377473363774733,0.000380517503805175,0.4284627092846271,0.3002283105022831,False,ecommerce,womenfashionecommerceportal,bangalore,seedfunding,False
360,0.027777777777777776,0.000380517503805175,0.4585235920852359,0.3002283105022831,True,healthcare,mobileweightlosscoach,bangalore,privateequity,True
105,0.11377473363774733,0.000380517503805175,0.000380517503805175,0.1997716894977169,True,ecommerce,fashionandapparel,mumbai,inhousefunding,True
172,0.3569254185692542,0.000380517503805175,0.4585235920852359,0.3002283105022831,True,consumerinternet,onlinebikerentalmarketplace,bangalore,privateequity,True
2489,0.000380517503805175,0.1997716894977169,0.4585235920852359,0.3002283105022831,True,doctorappointmentbookingapp,unknown,bangalore,privateequity,True
202,0.027777777777777776,0.000380517503805175,0.04946727549467275,0.3002283105022831,True,healthcare,homediagnosticsservicesprovider,bangalore,seed/angelfunding,True
405,0.18188736681887366,0.00076103500761035,0.4585235920852359,0.14117199391171995,True,technology,it,newdelhi,privateequity,True
1347,0.3569254185692542,0.000380517503805175,0.4284627092846271,0.1997716894977169,True,consumerinternet,onlinegiftvouchersplatform,mumbai,seedfunding,True
1792,0.3569254185692542,0.000380517503805175,0.4585235920852359,0.3002283105022831,False,consumerinternet,onlinecertificationplatform,bangalore,privateequity,True
572,0.11377473363774733,0.003424657534246575,0.4585235920852359,0.0334855403348554,True,ecommerce,onlinepharmacy,chennai,privateequity,True
1248,0.3569254185692542,0.000380517503805175,0.4585235920852359,0.0030441400304414,True,consumerinternet,mobileappforsaasbasedtraining,goa,privateequity,True
788,0.0121765601217656,0.000380517503805175,0.4585235920852359,0.3002283105022831,True,logistics,trucknetworkcompany,bangalore,privateequity,True
736,0.3569254185692542,0.000380517503805175,0.4284627092846271,0.3002283105022831,True,consumerinternet,appbasedinvestmentadvisoryservices,bangalore,seedfunding,True
950,0.3569254185692542,0.000380517503805175,0.4284627092846271,0.1997716894977169,True,consumerinternet,subscriptionbasedhomedeliveryplatform,mumbai,seedfunding,True
2640,0.000380517503805175,0.1997716894977169,0.4585235920852359,0.10235920852359208,True,realestatebrokernetworkapp,unknown,gurgaon,privateequity,True
777,0.11377473363774733,0.000380517503805175,0.4284627092846271,0.04033485540334855,True,ecommerce,automobilepartsmarketplace,pune,seedfunding,False
2603,0.000380517503805175,0.1997716894977169,0.4585235920852359,0.3002283105022831,True,onlinejewellerystore,unknown,bangalore,privateequity,True
1980,0.3569254185692542,0.001141552511415525,0.4284627092846271,0.3002283105022831,True,consumerinternet,parentingmobileapp,bangalore,seedfunding,False
1485,0.3569254185692542,0.000380517503805175,0.4284627092846271,0.10235920852359208,False,consumerinternet,cashbackmobileapp,gurgaon,seedfunding,True
2098,0.3569254185692542,0.000380517503805175,0.4284627092846271,0.000380517503805175,True,consumerinternet,onlinefitness&educationalinformationaggregator,jodhpur,seedfunding,False
546,0.3569254185692542,0.000380517503805175,0.4284627092846271,0.3002283105022831,True,consumerinternet,homemaintenanceservicesplatform,bangalore,seedfunding,True
583,0.11377473363774733,0.000380517503805175,0.4585235920852359,0.10235920852359208,True,ecommerce,buyingclubforsmallbusinesses,gurgaon,privateequity,True
1436,0.3569254185692542,0.000380517503805175,0.4585235920852359,0.1997716894977169,False,consumerinternet,coworkingspacesdiscovery&bookingplatform,mumbai,privateequity,True
438,0.11377473363774733,0.000380517503805175,0.00989345509893455,0.0334855403348554,True,ecommerce,"""women'sfashionclothingonlineplatform""",chennai,debtfunding,True
1245,0.11377473363774733,0.000380517503805175,0.4585235920852359,0.011035007610350075,True,ecommerce,b2bwholesaleapparelmarketplace,jaipur,privateequity,False
895,0.3569254185692542,0.000380517503805175,0.4284627092846271,0.14117199391171995,True,consumerinternet,onlinesalondiscovery&bookingservices,newdelhi,seedfunding,False
1999,0.18188736681887366,0.000380517503805175,0.4284627092846271,0.14117199391171995,True,technology,iotretailsolutions,newdelhi,seedfunding,False
1919,0.3569254185692542,0.000380517503805175,0.4585235920852359,0.1997716894977169,False,consumerinternet,onlinepersonalizedinsuranceplatform,mumbai,privateequity,True
2622,0.00076103500761035,0.1997716894977169,0.4284627092846271,0.1997716894977169,True,crowdfundingplatform,unknown,mumbai,seedfunding,True
1731,0.3569254185692542,0.000380517503805175,0.4284627092846271,0.14117199391171995,True,consumerinternet,celebrityentertainmentcontestapp,newdelhi,seedfunding,False
493,0.11377473363774733,0.000380517503805175,0.4284627092846271,0.10235920852359208,False,ecommerce,healthy&nutritionbasedsnacksonlineplatform,gurgaon,seedfunding,False
1076,0.3569254185692542,0.000380517503805175,0.4284627092846271,0.3002283105022831,True,consumerinternet,logisticsandtruckaggregatorplatform,bangalore,seedfunding,True
2478,0.000380517503805175,0.1997716894977169,0.4585235920852359,0.1997716894977169,True,userengagment&analyticsplatform,unknown,mumbai,privateequity,True
366,0.11377473363774733,0.000380517503805175,0.00989345509893455,0.01902587519025875,True,ecommerce,onlineselling,gurugram,debtfunding,True
1966,0.3569254185692542,0.000380517503805175,0.4585235920852359,0.1997716894977169,True,consumerinternet,independentonlinevideoproductioncompany,mumbai,privateequity,True
1723,0.3569254185692542,0.00380517503805175,0.4284627092846271,0.10235920852359208,False,consumerinternet,fooddeliveryplatform,gurgaon,seedfunding,False
547,0.11377473363774733,0.000380517503805175,0.4585235920852359,0.10235920852359208,True,ecommerce,onlinechaiorderingplatform,gurgaon,privateequity,True
1256,0.3569254185692542,0.000380517503805175,0.4585235920852359,0.3002283105022831,True,consumerinternet,campussocialnetworkingapp,bangalore,privateequity,True
525,0.3569254185692542,0.000380517503805175,0.4284627092846271,0.3002283105022831,True,consumerinternet,educationcollaborationplatform,bangalore,seedfunding,True
538,0.18188736681887366,0.000380517503805175,0.4284627092846271,0.14117199391171995,True,technology,educationtechnologyplatform,newdelhi,seedfunding,False
1894,0.11377473363774733,0.000380517503805175,0.4284627092846271,0.032343987823439876,True,ecommerce,onlinemarketplaceforschools,noida,seedfunding,True
2750,0.000380517503805175,0.1997716894977169,0.4585235920852359,0.3002283105022831,True,flatrentalmobileapp,unknown,bangalore,privateequity,True
945,0.18188736681887366,0.000380517503805175,0.4585235920852359,0.032343987823439876,True,technology,cybersecuritysolutions,noida,privateequity,True
1589,0.18188736681887366,0.000380517503805175,0.4284627092846271,0.1997716894977169,True,technology,fintechplatform,mumbai,seedfunding,False
1462,0.027777777777777776,0.000380517503805175,0.4585235920852359,0.1997716894977169,True,healthcare,"organic,naturalfoodsubstitutemanufacturer",mumbai,privateequity,True
1914,0.3569254185692542,0.000380517503805175,0.4284627092846271,0.3002283105022831,True,consumerinternet,bookrecommendationservice,bangalore,seedfunding,True
328,0.3569254185692542,0.000380517503805175,0.00989345509893455,0.01902587519025875,True,consumerinternet,hyperlocaldiscovery,gurugram,debtfunding,True
400,0.18188736681887366,0.000380517503805175,0.4585235920852359,0.00076103500761035,True,technology,medicaldevices,surat,privateequity,False
1496,0.18188736681887366,0.000380517503805175,0.4585235920852359,0.1997716894977169,False,technology,hybridcloudtechnologyenabledmediaerpplatform,mumbai,privateequity,True
2003,0.3569254185692542,0.000380517503805175,0.4585235920852359,0.3002283105022831,False,consumerinternet,onlinerealestatelistings,bangalore,privateequity,True
2029,0.3569254185692542,0.000380517503805175,0.4284627092846271,0.10235920852359208,False,consumerinternet,onlinefurnishingrentalplatform,gurgaon,seedfunding,True
599,0.3569254185692542,0.000380517503805175,0.4585235920852359,0.3002283105022831,True,consumerinternet,womenfocussedcustomertocustomerresellernetwork,bangalore,privateequity,True
2063,0.18188736681887366,0.000380517503805175,0.4585235920852359,0.1997716894977169,True,technology,locallanguagemobileos,mumbai,privateequity,True
528,0.18188736681887366,0.000380517503805175,0.4284627092846271,0.1997716894977169,True,technology,rooftopsolarplatform,mumbai,seedfunding,False
1145,0.0121765601217656,0.000380517503805175,0.4284627092846271,0.1997716894977169,False,logistics,marketplaceforinternationalfreight,mumbai,seedfunding,True
1697,0.3569254185692542,0.007990867579908675,0.4585235920852359,0.3002283105022831,True,consumerinternet,onlinelendingplatform,bangalore,privateequity,True
532,0.3569254185692542,0.000380517503805175,0.4585235920852359,0.3002283105022831,True,consumerinternet,selfdrivecarandbikerentalplatform,bangalore,privateequity,True
1682,0.0091324200913242,0.000380517503805175,0.4585235920852359,0.000380517503805175,True,education,educationworkshops&mentoringprograms,lucknow,privateequity,True
323,0.18188736681887366,0.000380517503805175,0.4585235920852359,0.032343987823439876,True,technology,cloudbasedonlinehotelmanagementsoftware,noida,privateequity,True
2137,0.000380517503805175,0.1997716894977169,0.4284627092846271,0.1997716894977169,True,picturecreation&socialmobileapp,unknown,mumbai,seedfunding,True
577,0.18188736681887366,0.000380517503805175,0.4585235920852359,0.04033485540334855,True,technology,applicationperformanceacceleration,pune,privateequity,True
231,0.3569254185692542,0.000380517503805175,0.4585235920852359,0.3002283105022831,True,consumerinternet,onlinemarketplaceforresellers,bangalore,privateequity,True
2675,0.000380517503805175,0.1997716894977169,0.4585235920852359,0.04033485540334855,True,bigdata&analyticsservices,unknown,pune,privateequity,True
327,0.3569254185692542,0.000380517503805175,0.4585235920852359,0.1997716894977169,True,consumerinternet,onlinefurnitureshoppingstore,mumbai,privateequity,True
1520,0.3569254185692542,0.000380517503805175,0.4284627092846271,0.3002283105022831,False,consumerinternet,onlinecarrepairandservicingbookingplatform,bangalore,seedfunding,True
1918,0.11377473363774733,0.000380517503805175,0.4585235920852359,0.14117199391171995,False,ecommerce,marketplaceforhealthfoods,newdelhi,privateequity,True
592,0.0121765601217656,0.000380517503805175,0.4585235920852359,0.14117199391171995,True,logistics,logisticssolutionsprovider,newdelhi,privateequity,True
708,0.11377473363774733,0.000380517503805175,0.4284627092846271,0.14117199391171995,False,ecommerce,womenworkwearetailer,newdelhi,seedfunding,False
567,0.18188736681887366,0.000380517503805175,0.00989345509893455,0.10235920852359208,True,technology,b2bfinance&fulfilmentnetwork,gurgaon,debtfunding,True
2312,0.000380517503805175,0.1997716894977169,0.4585235920852359,0.1997716894977169,True,homecookedfoodmarketplace&delivery,unknown,mumbai,privateequity,True
450,0.18188736681887366,0.000380517503805175,0.4585235920852359,0.3002283105022831,True,technology,mobileapplicationfordoctorconsultation,bangalore,privateequity,True
1551,0.18188736681887366,0.000380517503805175,0.4284627092846271,0.04033485540334855,False,technology,imageanalysissolutions,pune,seedfunding,False
465,0.18188736681887366,0.000380517503805175,0.4585235920852359,0.1997716894977169,True,technology,regionaloperatingsystemforsmartphones,mumbai,privateequity,True
2587,0.000380517503805175,0.1997716894977169,0.4585235920852359,0.10235920852359208,True,budgetaccommodationaggregator,unknown,gurgaon,privateequity,True
52,0.000380517503805175,0.000380517503805175,0.0076103500761035,0.00076103500761035,True,automotive,roadsafetyanalytics,sanfrancisco,seriesb,True
1089,0.3569254185692542,0.000380517503805175,0.4284627092846271,0.14117199391171995,True,consumerinternet,socialmessagingplatform,newdelhi,seedfunding,False
1328,0.3569254185692542,0.000380517503805175,0.4284627092846271,0.3002283105022831,False,consumerinternet,fashiondiscoveryapp,bangalore,seedfunding,True
1164,0.3569254185692542,0.003424657534246575,0.4585235920852359,0.3002283105022831,True,consumerinternet,onlinelearningplatform,bangalore,privateequity,True
2427,0.000380517503805175,0.1997716894977169,0.4585235920852359,0.10235920852359208,True,privatelabelfashionetailer,unknown,gurgaon,privateequity,True
1826,0.18188736681887366,0.000380517503805175,0.4284627092846271,0.1997716894977169,False,technology,audiovisualdigitalcontentcreatorsforbrands,mumbai,seedfunding,False
173,0.3569254185692542,0.000380517503805175,0.4585235920852359,0.3002283105022831,True,consumerinternet,upipaymentsapp,bangalore,privateequity,True
1961,0.3569254185692542,0.000380517503805175,0.4284627092846271,0.04033485540334855,False,consumerinternet,instantmessagingapp,pune,seedfunding,True
1519,0.18188736681887366,0.000380517503805175,0.4284627092846271,0.1997716894977169,False,technology,virtualrealitycontentstudio,mumbai,seedfunding,False
960,0.3569254185692542,0.000380517503805175,0.4284627092846271,0.00684931506849315,True,consumerinternet,ondemandhomeservicesprovider,kolkata,seedfunding,False
2052,0.3569254185692542,0.000380517503805175,0.4284627092846271,0.3002283105022831,False,consumerinternet,partyhallbookingplatform,bangalore,seedfunding,True
2258,0.000380517503805175,0.1997716894977169,0.4284627092846271,0.1997716894977169,True,nightlifediscoverymobileapp,unknown,mumbai,seedfunding,True
643,0.0121765601217656,0.000380517503805175,0.4284627092846271,0.1997716894977169,False,logistics,warehouseaggregator,mumbai,seedfunding,True
74,0.11377473363774733,0.000380517503805175,0.00532724505327245,0.3002283105022831,True,ecommerce,realestate,bangalore,seriesc,True
224,0.027777777777777776,0.000380517503805175,0.04946727549467275,0.03576864535768645,True,healthcare,healthandwellbeingplatform,hyderabad,seed/angelfunding,True
1124,0.3569254185692542,0.000380517503805175,0.4284627092846271,0.14117199391171995,True,consumerinternet,mobilecontactsmanagementapp,newdelhi,seedfunding,False
646,0.3569254185692542,0.000380517503805175,0.4284627092846271,0.14117199391171995,True,consumerinternet,foreignexchangeservices,newdelhi,seedfunding,False
1857,0.11377473363774733,0.000380517503805175,0.4284627092846271,0.1997716894977169,False,ecommerce,preownedfashionmarketplacemobileapp,mumbai,seedfunding,False
282,0.18188736681887366,0.000380517503805175,0.04946727549467275,0.01902587519025875,False,technology,enhancedemployeeengagementplatform,gurugram,seed/angelfunding,True
1439,0.18188736681887366,0.000380517503805175,0.4585235920852359,0.10235920852359208,True,technology,agritechsupplychainsolutionprovider,gurgaon,privateequity,True
83,0.00076103500761035,0.000380517503805175,0.0076103500761035,0.3002283105022831,True,digitalmedia,ebooks,bangalore,seriesb,True
414,0.02359208523592085,0.000380517503805175,0.4585235920852359,0.1997716894977169,True,finance,digitallending,mumbai,privateequity,True
1634,0.3569254185692542,0.000380517503805175,0.4284627092846271,0.3002283105022831,True,consumerinternet,schoolparentcommunicationapp,bangalore,seedfunding,True
291,0.02359208523592085,0.000380517503805175,0.04946727549467275,0.3002283105022831,False,finance,digitallendingplatforminlogistics,bangalore,seed/angelfunding,True
520,0.18188736681887366,0.000380517503805175,0.4585235920852359,0.01293759512937595,True,technology,studentaccommodationplatform,delhi,privateequity,True
67,0.007229832572298325,0.001902587519025875,0.0015220700152207,0.3002283105022831,True,edtech,education,bangalore,privateequityround,True
1552,0.18188736681887366,0.000380517503805175,0.4585235920852359,0.14117199391171995,True,technology,cloudbasedenterprisesolutions,newdelhi,privateequity,True
2398,0.000380517503805175,0.1997716894977169,0.4585235920852359,0.10235920852359208,True,restaurantratings&reviewsplatform,unknown,gurgaon,privateequity,True
2575,0.000380517503805175,0.1997716894977169,0.4585235920852359,0.0334855403348554,True,onlinefinancialservices,unknown,chennai,privateequity,True
2364,0.000380517503805175,0.1997716894977169,0.4284627092846271,0.1997716894977169,True,locationbasednightliferecommendationplatform,unknown,mumbai,seedfunding,True
938,0.11377473363774733,0.0015220700152207,0.4585235920852359,0.3002283105022831,True,ecommerce,ecommercemarketplace,bangalore,privateequity,True
442,0.18188736681887366,0.000380517503805175,0.04946727549467275,0.3002283105022831,True,technology,assistingvisuallyimpairedtolearnthroughbraille,bangalore,seed/angelfunding,True
1906,0.3569254185692542,0.000380517503805175,0.4284627092846271,0.3002283105022831,False,consumerinternet,competitiveexampreparationplatform,bangalore,seedfunding,True
1456,0.11377473363774733,0.000380517503805175,0.4284627092846271,0.3002283105022831,False,ecommerce,mobilebasedecommercesaasplatform,bangalore,seedfunding,False
2864,0.000380517503805175,0.1997716894977169,0.4284627092846271,0.03576864535768645,True,roboticprogramlearning,unknown,hyderabad,seedfunding,True
1613,0.11377473363774733,0.00076103500761035,0.4585235920852359,0.3002283105022831,True,ecommerce,onlinewomenfashionmarketplace,bangalore,privateequity,True
929,0.18188736681887366,0.000380517503805175,0.4284627092846271,0.0334855403348554,True,technology,packagingartworkmanagementsoftware,chennai,seedfunding,True
300,0.027777777777777776,0.000380517503805175,0.4585235920852359,0.01902587519025875,False,healthcare,onlinebabycareproducts,gurugram,privateequity,True
2021,0.3569254185692542,0.000380517503805175,0.4284627092846271,0.3002283105022831,False,consumerinternet,automobileservicebookingapp,bangalore,seedfunding,True
1984,0.3569254185692542,0.000380517503805175,0.4585235920852359,0.1997716894977169,True,consumerinternet,hyperlocalhandymanservicesplatform,mumbai,privateequity,True
1924,0.11377473363774733,0.000380517503805175,0.4284627092846271,0.14117199391171995,True,ecommerce,petproductsetailer,newdelhi,seedfunding,False
2740,0.000380517503805175,0.1997716894977169,0.4585235920852359,0.3002283105022831,True,freightlogisticsplatform,unknown,bangalore,privateequity,True
702,0.18188736681887366,0.000380517503805175,0.4284627092846271,0.3002283105022831,False,technology,mobilegamescreator,bangalore,seedfunding,False
766,0.3569254185692542,0.000380517503805175,0.4585235920852359,0.1997716894977169,False,consumerinternet,creditcardfraudprotection,mumbai,privateequity,True
819,0.3569254185692542,0.000380517503805175,0.4585235920852359,0.1997716894977169,True,consumerinternet,digitalmoneytransferplatform,mumbai,privateequity,True
2791,0.000380517503805175,0.1997716894977169,0.4585235920852359,0.10235920852359208,True,truckinglogisticoperations,unknown,gurgaon,privateequity,True
760,0.3569254185692542,0.000380517503805175,0.4284627092846271,0.3002283105022831,True,consumerinternet,mobilebasedecommerceplatform,bangalore,seedfunding,True
141,0.00076103500761035,0.000380517503805175,0.0091324200913242,0.001902587519025875,True,software,aiplatform,india,seriesa,True
1500,0.18188736681887366,0.000380517503805175,0.4284627092846271,0.03576864535768645,False,technology,hrsoftwareservicesstartup,hyderabad,seedfunding,True
1825,0.18188736681887366,0.000380517503805175,0.4585235920852359,0.3002283105022831,True,technology,industrialrobotsmaker,bangalore,privateequity,True
1452,0.0121765601217656,0.000380517503805175,0.4284627092846271,0.004946727549467275,True,logistics,onlinelogisticsmarketplace,indore,seedfunding,False
2216,0.000380517503805175,0.1997716894977169,0.4284627092846271,0.04033485540334855,True,onlinevehiclesparepartsetailer,unknown,pune,seedfunding,True
449,0.18188736681887366,0.000380517503805175,0.4585235920852359,0.1997716894977169,True,technology,mobilegamesdevelopmentfirm,mumbai,privateequity,True
1044,0.18188736681887366,0.000380517503805175,0.4284627092846271,0.000380517503805175,True,technology,iot&saassolutionsfortransportationindustry,panaji,seedfunding,False
1132,0.18188736681887366,0.000380517503805175,0.4284627092846271,0.3002283105022831,False,technology,connectedtransportationsolutions,bangalore,seedfunding,False
1675,0.18188736681887366,0.000380517503805175,0.4284627092846271,0.04033485540334855,True,technology,telecom&mediaitservicescompany,pune,seedfunding,False
1570,0.3569254185692542,0.000380517503805175,0.4284627092846271,0.3002283105022831,False,consumerinternet,doctorconsultationplatform,bangalore,seedfunding,True
1630,0.001141552511415525,0.000380517503805175,0.4284627092846271,0.0334855403348554,True,fmcg,beautyproducts&trainingtosalons&spas,chennai,seedfunding,True
1206,0.3569254185692542,0.000380517503805175,0.4585235920852359,0.14117199391171995,True,consumerinternet,golfsessiononlinebookingsplatform,newdelhi,privateequity,True
1854,0.3569254185692542,0.000380517503805175,0.4284627092846271,0.1997716894977169,True,consumerinternet,selfdrivecarrental,mumbai,seedfunding,True
852,0.3569254185692542,0.000380517503805175,0.4585235920852359,0.10235920852359208,True,consumerinternet,hyperlocaldiscovery&rewardsplatform,gurgaon,privateequity,True
2251,0.000380517503805175,0.1997716894977169,0.4585235920852359,0.10235920852359208,True,mobileservicesmarketplace,unknown,gurgaon,privateequity,True
445,0.18188736681887366,0.000380517503805175,0.04946727549467275,0.3002283105022831,False,technology,platformbasedon3dprintinganddigitalmanufacturing,bangalore,seed/angelfunding,True
1676,0.11377473363774733,0.00076103500761035,0.4284627092846271,0.03576864535768645,True,ecommerce,medicalsuppliesetailer,hyderabad,seedfunding,True
835,0.3569254185692542,0.000380517503805175,0.4284627092846271,0.1997716894977169,True,consumerinternet,"cashless,paperlesssolutionsforhousingsocieties",mumbai,seedfunding,True
914,0.3569254185692542,0.000380517503805175,0.4284627092846271,0.0334855403348554,True,consumerinternet,publicandprivateeventscreationapp,chennai,seedfunding,True
1394,0.18188736681887366,0.000380517503805175,0.4585235920852359,0.0334855403348554,True,technology,crmsaasplatform,chennai,privateequity,True
1710,0.3569254185692542,0.00076103500761035,0.4284627092846271,0.3002283105022831,True,consumerinternet,foodorderingmobileapp,bangalore,seedfunding,True
1304,0.3569254185692542,0.000380517503805175,0.4284627092846271,0.14117199391171995,False,consumerinternet,sportssocialnetworkmobileapp,newdelhi,seedfunding,False
1428,0.00228310502283105,0.000380517503805175,0.4284627092846271,0.1997716894977169,True,others,indoorskydivingsportsprovider,mumbai,seedfunding,True
199,0.3569254185692542,0.000380517503805175,0.4585235920852359,0.1997716894977169,True,consumerinternet,mobilestorefrontandcommerceplatformforsellers,mumbai,privateequity,True
70,0.00076103500761035,0.000380517503805175,0.0076103500761035,0.000380517503805175,True,tech,smartphoneoperatingsystem,andheri,seriesb,True
1747,0.027777777777777776,0.000380517503805175,0.4284627092846271,0.3002283105022831,False,healthcare,healthcaretrainingprograms,bangalore,seedfunding,False
398,0.11377473363774733,0.00076103500761035,0.4585235920852359,0.01293759512937595,True,ecommerce,retail,delhi,privateequity,True
2028,0.0091324200913242,0.000380517503805175,0.4284627092846271,0.1997716894977169,True,education,careerplanningandeducationadvisoryplatform,mumbai,seedfunding,True
2080,0.3569254185692542,0.000380517503805175,0.4284627092846271,0.10235920852359208,False,consumerinternet,ondemandconciergeservices,gurgaon,seedfunding,True
717,0.3569254185692542,0.000380517503805175,0.4284627092846271,0.1997716894977169,False,consumerinternet,appbasedaggregatorofofflinebusinesses,mumbai,seedfunding,True
1808,0.3569254185692542,0.000380517503805175,0.4585235920852359,0.3002283105022831,True,consumerinternet,onlinefilingoftaxreturns,bangalore,privateequity,True
1578,0.18188736681887366,0.000380517503805175,0.4585235920852359,0.1997716894977169,True,technology,creditscoringplatform,mumbai,privateequity,True
581,0.3569254185692542,0.000380517503805175,0.4585235920852359,0.14117199391171995,True,consumerinternet,onlinetravelbookingplatform,newdelhi,privateequity,True
1869,0.3569254185692542,0.000380517503805175,0.4284627092846271,0.1997716894977169,False,consumerinternet,onlinejobboard,mumbai,seedfunding,True
1493,0.11377473363774733,0.00076103500761035,0.4585235920852359,0.3002283105022831,True,ecommerce,mobilewallet&ecommerceplatform,bangalore,privateequity,True
1639,0.18188736681887366,0.000380517503805175,0.4284627092846271,0.3002283105022831,True,technology,clouddatasecurity&privacysolutions,bangalore,seedfunding,False
1123,0.11377473363774733,0.000380517503805175,0.4284627092846271,0.1997716894977169,False,ecommerce,"ondemand,selfdrivebikerentalplatform",mumbai,seedfunding,False
114,0.000380517503805175,0.000380517503805175,0.0091324200913242,0.14117199391171995,True,nanotechnology,antipollution,newdelhi,seriesa,True
1829,0.3569254185692542,0.000380517503805175,0.4585235920852359,0.3002283105022831,False,consumerinternet,parentingsocialnetworkplatform,bangalore,privateequity,True
2273,0.000380517503805175,0.1997716894977169,0.4585235920852359,0.1997716894977169,True,fitnesstrackingmanagementsolutions,unknown,mumbai,privateequity,True
2355,0.00076103500761035,0.1997716894977169,0.4284627092846271,0.10235920852359208,True,onlinefoodordering&deliveryservice,unknown,gurgaon,seedfunding,True
1790,0.3569254185692542,0.000380517503805175,0.4284627092846271,0.3002283105022831,False,consumerinternet,fitnessservicesaggregatorplatform,bangalore,seedfunding,True
193,0.3569254185692542,0.00076103500761035,0.4585235920852359,0.01902587519025875,True,consumerinternet,onlineinsurancesellingplatform,gurugram,privateequity,True
1636,0.3569254185692542,0.000380517503805175,0.4585235920852359,0.14117199391171995,False,consumerinternet,hometutorssearch&discovery,newdelhi,privateequity,True
1427,0.18188736681887366,0.000380517503805175,0.4585235920852359,0.14117199391171995,False,technology,adoptimizationplatform,newdelhi,privateequity,True
1216,0.18188736681887366,0.0015220700152207,0.4284627092846271,0.3002283105022831,False,technology,dataanalyticsplatform,bangalore,seedfunding,True
1951,0.3569254185692542,0.000380517503805175,0.4585235920852359,0.003424657534246575,False,consumerinternet,transportation&ondemanddeliveryaggregator,chandigarh,privateequity,True
1226,0.3569254185692542,0.00076103500761035,0.4585235920852359,0.1997716894977169,True,consumerinternet,realestateportal,mumbai,privateequity,True
2459,0.000380517503805175,0.1997716894977169,0.4585235920852359,0.14117199391171995,True,ecommerce&mcommerceplatform,unknown,newdelhi,privateequity,True
1735,0.11377473363774733,0.000380517503805175,0.4585235920852359,0.14117199391171995,True,ecommerce,apparel&lifestyleetailer,newdelhi,privateequity,True
2054,0.3569254185692542,0.000380517503805175,0.4284627092846271,0.032343987823439876,False,consumerinternet,mobileappbasedjobsearch,noida,seedfunding,True
821,0.18188736681887366,0.000380517503805175,0.4284627092846271,0.3002283105022831,True,technology,projectmanagementtool,bangalore,seedfunding,False
1408,0.3569254185692542,0.000380517503805175,0.4585235920852359,0.3002283105022831,True,consumerinternet,bitcoinwallet,bangalore,privateequity,True
1798,0.3569254185692542,0.000380517503805175,0.4284627092846271,0.14117199391171995,False,consumerinternet,"style,fashiondiscoverymobileapp",newdelhi,seedfunding,False
205,0.3569254185692542,0.00076103500761035,0.4585235920852359,0.01902587519025875,True,consumerinternet,onlineusedcarmarketplace,gurugram,privateequity,True
1905,0.18188736681887366,0.000380517503805175,0.4585235920852359,0.04033485540334855,True,technology,iot&m2msolutions,pune,privateequity,True
1081,0.3569254185692542,0.000380517503805175,0.4284627092846271,0.3002283105022831,False,consumerinternet,parkingsolutionsmobileapp,bangalore,seedfunding,True
2831,0.0015220700152207,0.1997716894977169,0.4284627092846271,0.1997716894977169,True,logisticstech,unknown,mumbai,seedfunding,True
1629,0.18188736681887366,0.000380517503805175,0.4284627092846271,0.3002283105022831,False,technology,medicaltechnologyprovider,bangalore,seedfunding,False
2011,0.11377473363774733,0.000380517503805175,0.4284627092846271,0.032343987823439876,False,ecommerce,b2bprocurementmarketplaceforofficeproducts,noida,seedfunding,True
330,0.18188736681887366,0.00076103500761035,0.4585235920852359,0.1997716894977169,True,technology,digitalpaymentplatform,mumbai,privateequity,True
1633,0.18188736681887366,0.000380517503805175,0.4585235920852359,0.14117199391171995,True,technology,logisticsmanagementsoftware,newdelhi,privateequity,True
270,0.02359208523592085,0.000380517503805175,0.04946727549467275,0.00684931506849315,True,finance,housingfinanceforlowincomefamilies,kolkata,seed/angelfunding,True
1060,0.3569254185692542,0.000380517503805175,0.4585235920852359,0.3002283105022831,True,consumerinternet,realtimemobileappmanagementplatform,bangalore,privateequity,True
463,0.18188736681887366,0.000380517503805175,0.4585235920852359,0.3002283105022831,True,technology,vernacularandvideocontentplatform,bangalore,privateequity,True
2026,0.11377473363774733,0.000380517503805175,0.4585235920852359,0.3002283105022831,True,ecommerce,online/mobilejewelleryretailer,bangalore,privateequity,True
2203,0.000380517503805175,0.1997716894977169,0.4284627092846271,0.1997716894977169,True,quickservicerestaurant&onlinedelivery,unknown,mumbai,seedfunding,True
1530,0.3569254185692542,0.000380517503805175,0.4585235920852359,0.14117199391171995,True,consumerinternet,"onlinecontentdiscovery,creation&distributionplatform",newdelhi,privateequity,True
762,0.11377473363774733,0.0015220700152207,0.4585235920852359,0.1997716894977169,True,ecommerce,fashionetailer,mumbai,privateequity,True
2193,0.000380517503805175,0.1997716894977169,0.4284627092846271,0.3002283105022831,True,mobilecarservicingappointmentapp,unknown,bangalore,seedfunding,True
2500,0.000380517503805175,0.1997716894977169,0.4585235920852359,0.10235920852359208,True,taxirentalplatform,unknown,gurgaon,privateequity,True
1751,0.3569254185692542,0.000380517503805175,0.4284627092846271,0.3002283105022831,True,consumerinternet,onlinebikeserviceandrepairsplatform,bangalore,seedfunding,True
49,0.11377473363774733,0.00076103500761035,0.0045662100456621,0.3002283105022831,True,ecommerce,socialcommerce,bangalore,seriesd,True
1146,0.11377473363774733,0.000380517503805175,0.4585235920852359,0.10235920852359208,True,ecommerce,onlinebusinesstobusiness(b2b)marketplace,gurgaon,privateequity,True
75,0.00228310502283105,0.00076103500761035,0.00989345509893455,0.14117199391171995,True,foodandbeverage,brewery,newdelhi,debtfunding,True
2404,0.000380517503805175,0.1997716894977169,0.4585235920852359,0.14117199391171995,True,industrialtoolsmarketplace,unknown,newdelhi,privateequity,True
559,0.18188736681887366,0.000380517503805175,0.4284627092846271,0.3002283105022831,False,technology,coldchainmonitoringsolution,bangalore,seedfunding,False
575,0.3569254185692542,0.00076103500761035,0.4585235920852359,0.3002283105022831,True,consumerinternet,onlinedoctordiscoveryplatform,bangalore,privateequity,True
2008,0.00837138508371385,0.000380517503805175,0.4585235920852359,0.14117199391171995,True,food&beverage,craftbeermanufacturingcompany,newdelhi,privateequity,True
1242,0.3569254185692542,0.0015220700152207,0.4284627092846271,0.00684931506849315,False,consumerinternet,onlineinsuranceplatform,kolkata,seedfunding,False
1483,0.3569254185692542,0.000380517503805175,0.4585235920852359,0.10235920852359208,True,consumerinternet,digitalwalletplatform,gurgaon,privateequity,True
101,0.001141552511415525,0.000380517503805175,0.0076103500761035,0.14117199391171995,True,socialmedia,travel,newdelhi,seriesb,True
