,Unnamed: 0,industry_freq,sub_freq,type_freq,city_freq,actual_amount,industry_vertical,sub_vertical,city_location,investment_type,amount_in_usd,predicted_amount,predicted_amount_log,actual_amount_log,funded,Funded
0,2647,0.0007610350076103,0.1997716894977169,0.4585235920852359,0.1997716894977169,12500000.0,onlinehomed,unknown,mumbai,privateequity,12500000.0,4227763.541238878,15.257183934080649,16.341239282272525,True,True
1,2689,0.0003805175038051,0.1997716894977169,0.4585235920852359,0.3002283105022831,12500000.0,ecommerceplatform,unknown,bangalore,privateequity,12500000.0,5787616.634954608,15.571231302864163,16.341239282272525,True,True
2,70,0.0007610350076103,0.0003805175038051,0.0076103500761035,0.0003805175038051,5750000.0,tech,smartphoneoperatingsystem,andheri,seriesb,5750000.0,7761822.315677418,15.864727827920326,15.564710586686562,True,True
3,427,0.1818873668188736,0.0003805175038051,0.4585235920852359,0.3002283105022831,4400000.0,technology,educationsolutions,bangalore,privateequity,4400000.0,4040270.306255439,15.211822402696258,15.29711532616119,True,True
4,458,0.1137747336377473,0.0007610350076103,0.0098934550989345,0.0129375951293759,2700000.0,ecommerce,onlinemicrolendingplatform,delhi,debtfunding,2700000.0,4089489.754893485,15.223931010461,14.80876270134486,True,True
5,90,0.0007610350076103,0.0007610350076103,0.0003805175038051,0.3002283105022831,868600.0,wastemanagementservice,optimization,bangalore,ventureseriesunknown,868600.0,4293076.074247149,15.272514300515638,13.674639150360116,True,True
6,2800,0.0003805175038051,0.1997716894977169,0.4585235920852359,0.3002283105022831,2000000.0,ondemandservicemarketplace,unknown,bangalore,privateequity,2000000.0,5787616.634954608,15.571231302864163,14.508658238524095,True,True
7,1591,0.3569254185692542,0.0003805175038051,0.4585235920852359,0.1411719939117199,500000.0,consumerinternet,mobilebasedrewardsplatform,newdelhi,privateequity,500000.0,4129568.029008727,15.23368360816263,13.122365377402328,True,True
8,1837,0.3569254185692542,0.0003805175038051,0.4284627092846271,0.0323439878234398,500000.0,consumerinternet,biketaxiservice&hyperlocaldeliveryapp,noida,seedfunding,500000.0,274623.2990794945,12.523159257401431,13.122365377402328,True,True
9,1363,0.1818873668188736,0.0003805175038051,0.4585235920852359,0.0403348554033485,3000000.0,technology,onlineadvertisingsolutions,pune,privateequity,3000000.0,4416185.542396807,15.300787108437463,14.914123179965662,True,True
10,129,0.0007610350076103,0.0003805175038051,0.0091324200913242,0.3002283105022831,500000.0,gaming,mobileesports,bangalore,seriesa,500000.0,4954030.424043033,15.415712232177055,13.122365377402328,True,True
11,761,0.3569254185692542,0.0003805175038051,0.4585235920852359,0.1997716894977169,5200000.0,consumerinternet,eventsticketingplatform,mumbai,privateequity,5200000.0,4676487.321310677,15.358058027539538,15.46416937585933,True,True
12,555,0.3569254185692542,0.0003805175038051,0.4585235920852359,0.1997716894977169,7000000.0,consumerinternet,mobilebasedlearningapp,mumbai,privateequity,7000000.0,4676487.321310677,15.358058027539538,15.76142084987672,True,True
13,2031,0.1137747336377473,0.0003805175038051,0.4585235920852359,0.102359208523592,5400000.0,ecommerce,onlinefashionapparelretailer,gurgaon,privateequity,5400000.0,3910929.645397477,15.17928592036576,15.501909696719672,True,True
14,2690,0.0003805175038051,0.1997716894977169,0.4284627092846271,0.1997716894977169,500000.0,renewableenergysolutions,unknown,mumbai,seedfunding,500000.0,368608.0431572448,12.817491857713016,13.122365377402328,True,True
15,2267,0.0003805175038051,0.1997716894977169,0.4585235920852359,0.1997716894977169,12500000.0,onlineandtvshoppingmarketplace,unknown,mumbai,privateequity,12500000.0,4227763.541238878,15.257183934080649,16.341239282272525,True,True
16,2862,0.0003805175038051,0.1997716894977169,0.4585235920852359,0.3002283105022831,10000000.0,greycollarjobboard,unknown,bangalore,privateequity,10000000.0,5787616.634954608,15.571231302864163,16.118095750958314,True,True
17,1391,0.1818873668188736,0.0003805175038051,0.4284627092846271,0.3002283105022831,425000.0,technology,mobilegamepublisherforindianaudience,bangalore,seedfunding,425000.0,369353.2753452152,12.819511558211984,12.959846800844964,True,True
18,2028,0.0091324200913242,0.0003805175038051,0.4284627092846271,0.1997716894977169,45000.0,education,careerplanningandeducationadvisoryplatform,mumbai,seedfunding,45000.0,389681.535827204,12.87308767591974,10.714439990727769,True,True
19,2870,0.0003805175038051,0.1997716894977169,0.4284627092846271,0.3002283105022831,400000.0,financialmarketssoftware,unknown,bangalore,seedfunding,400000.0,520682.9585600806,13.162898531225078,12.899222326086994,True,True
20,1035,0.3569254185692542,0.0003805175038051,0.4585235920852359,0.1411719939117199,1100000.0,consumerinternet,smartparkingplatform,newdelhi,privateequity,1100000.0,4129568.029008727,15.23368360816263,13.910821646859096,True,True
21,2843,0.0003805175038051,0.1997716894977169,0.4585235920852359,0.0034246575342465,4000000.0,materialcollection&recycling,unknown,vadodara,privateequity,4000000.0,6618352.650632754,15.705357203726004,15.201805169084134,True,True
22,1135,0.1137747336377473,0.0007610350076103,0.4585235920852359,0.1411719939117199,6000000.0,ecommerce,fashionappareletailer,newdelhi,privateequity,6000000.0,2923711.5133337597,14.888364775364815,15.607270193858982,True,True
23,408,0.1818873668188736,0.0007610350076103,0.0030441400304414,0.0334855403348554,400000.0,technology,it,chennai,angel/seedfunding,400000.0,584301.507445541,13.278174119899983,12.899222326086994,True,True
24,691,0.1818873668188736,0.0007610350076103,0.4585235920852359,0.3002283105022831,12500000.0,technology,digitalpaymentssolutions,bangalore,privateequity,12500000.0,4183090.934860117,15.246561228394656,16.341239282272525,True,True
25,1677,0.1818873668188736,0.0003805175038051,0.4284627092846271,0.0026636225266362,500000.0,technology,intelligenttechplatformforfinancevertical,singapore,seedfunding,500000.0,200070.77090188497,12.20643143566672,13.122365377402328,True,True
26,1523,0.1818873668188736,0.0003805175038051,0.4585235920852359,0.102359208523592,3500000.0,technology,cartracking&safetysystem,gurgaon,privateequity,3500000.0,4212118.421932509,15.253476504619568,15.068273812173889,True,True
27,2317,0.0003805175038051,0.1997716894977169,0.4284627092846271,0.0357686453576864,70000.0,developerportfolioshowcaseplatform,unknown,hyderabad,seedfunding,70000.0,407003.6357714562,12.916579854461723,11.156264806643742,True,True
28,781,0.3569254185692542,0.0003805175038051,0.4585235920852359,0.1411719939117199,1000000.0,consumerinternet,onlinefitnessmarketplace,newdelhi,privateequity,1000000.0,4129568.029008727,15.23368360816263,13.815511557963774,True,True
29,1617,0.1818873668188736,0.0003805175038051,0.4585235920852359,0.3002283105022831,5200000.0,technology,payroll&hrsoftwaredeveloper,bangalore,privateequity,5200000.0,4040270.306255439,15.211822402696258,15.46416937585933,True,True
30,190,0.3569254185692542,0.0015220700152207,0.0494672754946727,0.0190258751902587,1000000.0,consumerinternet,onlinefooddelivery,gurugram,seed/angelfunding,1000000.0,789677.1790368945,13.579380773138466,13.815511557963774,True,True
31,366,0.1137747336377473,0.0003805175038051,0.0098934550989345,0.0190258751902587,935089.0,ecommerce,onlineselling,gurugram,debtfunding,935089.0,3739492.5502246697,15.13446074584293,13.74839806032294,True,True
32,1731,0.3569254185692542,0.0003805175038051,0.4284627092846271,0.1411719939117199,475000.0,consumerinternet,celebrityentertainmentcontestapp,newdelhi,seedfunding,475000.0,221967.74857927996,12.31029187877968,13.07107218827772,True,True
33,1847,0.1137747336377473,0.0003805175038051,0.4585235920852359,0.1411719939117199,8000000.0,ecommerce,ecommercesaasplatform,newdelhi,privateequity,8000000.0,3192894.27263688,14.976438672110124,15.894952224644102,True,True
34,1679,0.3569254185692542,0.0003805175038051,0.4284627092846271,0.3002283105022831,500000.0,consumerinternet,webvideostreamingplatform,bangalore,seedfunding,500000.0,388657.6535537877,12.870456740083428,13.122365377402328,True,True
35,59,0.1137747336377473,0.0003805175038051,0.0007610350076103,0.102359208523592,12500000.0,ecommerce,grocerydelivery,gurgaon,seriesf,12500000.0,11319062.906952605,16.241998933587894,16.341239282272525,True,True
36,1924,0.1137747336377473,0.0003805175038051,0.4284627092846271,0.1411719939117199,1000000.0,ecommerce,petproductsetailer,newdelhi,seedfunding,1000000.0,201392.067953468,12.213013839376664,13.815511557963774,True,True
37,1722,0.3569254185692542,0.0003805175038051,0.4284627092846271,0.1411719939117199,89000.0,consumerinternet,fashiondiscoveryplatform,newdelhi,seedfunding,89000.0,221967.74857927996,12.31029187877968,11.39640288460621,True,True
38,2255,0.0003805175038051,0.1997716894977169,0.4585235920852359,0.0403348554033485,12500000.0,sales&productivitysoftware,unknown,pune,privateequity,12500000.0,4885784.823076915,15.40184069502057,16.341239282272525,True,True
39,1097,0.3569254185692542,0.0003805175038051,0.4585235920852359,0.3002283105022831,4000000.0,consumerinternet,onlinetransportvehiclebookingplatform,bangalore,privateequity,4000000.0,4664789.236367078,15.35555342584362,15.201805169084134,True,True
40,252,0.0277777777777777,0.0003805175038051,0.4585235920852359,0.3002283105022831,12500000.0,healthcare,datadrivenintelligencesolutionsplatform,bangalore,privateequity,12500000.0,4908192.696213047,15.406416549440282,16.341239282272525,True,True
41,2192,0.0003805175038051,0.1997716894977169,0.4284627092846271,0.3002283105022831,1000000.0,grocerydeliveryplatform,unknown,bangalore,seedfunding,1000000.0,520682.9585600806,13.162898531225078,13.815511557963774,True,True
42,110,0.0015220700152207,0.0003805175038051,0.0007610350076103,0.0190258751902587,5000000.0,transportation,busaggregation,gurugram,ventureround,5000000.0,5052745.056291,15.435442426983265,15.424948670398354,True,True
43,668,0.1818873668188736,0.0003805175038051,0.4585235920852359,0.3002283105022831,12500000.0,technology,mpossolutionsprovider,bangalore,privateequity,12500000.0,4040270.306255439,15.211822402696258,16.341239282272525,True,True
44,905,0.0083713850837138,0.0003805175038051,0.4585235920852359,0.0403348554033485,6300000.0,food&beverage,qsrchainandonlinefooddelivery,pune,privateequity,6300000.0,4525197.096170724,15.325171912317204,15.656060350091908,True,True
45,264,0.0277777777777777,0.0003805175038051,0.4585235920852359,0.3002283105022831,4200000.0,healthcare,doctorconsultationapp,bangalore,privateequity,4200000.0,4908192.696213047,15.406416549440282,15.250595321348806,True,True
46,2619,0.0003805175038051,0.1997716894977169,0.4585235920852359,0.0403348554033485,2300000.0,restaurantcustomerengagementplatform,unknown,pune,privateequity,2300000.0,4885784.823076915,15.40184069502057,14.648420115681892,True,True
47,1547,0.3569254185692542,0.0034246575342465,0.4284627092846271,0.0403348554033485,650000.0,consumerinternet,onlinelearningplatform,pune,seedfunding,650000.0,350544.34070359514,12.767245337157808,13.384729180332174,True,True
48,364,0.0235920852359208,0.0079908675799086,0.4585235920852359,0.3002283105022831,12500000.0,finance,onlinelendingplatform,bangalore,privateequity,12500000.0,10960162.66326776,16.209777772152556,16.341239282272525,True,True
49,1807,0.3569254185692542,0.0003805175038051,0.4585235920852359,0.1997716894977169,12500000.0,consumerinternet,digitalpaymentsplatform,mumbai,privateequity,12500000.0,4676487.321310677,15.358058027539538,16.341239282272525,True,True
50,130,0.0011415525114155,0.0003805175038051,0.0007610350076103,0.01103500761035,1000000.0,food,meatretailchain,jaipur,equity,1000000.0,5155817.578900918,15.455636456018148,13.815511557963774,True,True
51,2626,0.0003805175038051,0.1997716894977169,0.4585235920852359,0.3002283105022831,4850000.0,paymentsolutionsplatform,unknown,bangalore,privateequity,4850000.0,5787616.634954608,15.571231302864163,15.394489469099211,True,True
52,5,0.0121765601217656,0.0003805175038051,0.0091324200913242,0.0334855403348554,9000000.0,logistics,"openmarket,freightmanagementplatform",chennai,seriesa,9000000.0,7380585.719974399,15.814363694768137,16.012735246411598,True,True
53,763,0.3569254185692542,0.0011415525114155,0.4585235920852359,0.3002283105022831,4500000.0,consumerinternet,healthtechplatform,bangalore,privateequity,4500000.0,5001090.816882818,15.425166809937126,15.319588176962746,True,True
54,220,0.0060882800608828,0.0003805175038051,0.4585235920852359,0.0357686453576864,500000.0,fintech,unifiedglobalinvestmentsecosystem,hyderabad,privateequity,500000.0,5812651.977478232,15.57554764723735,13.122365377402328,True,True
55,1106,0.3569254185692542,0.0003805175038051,0.4284627092846271,0.0334855403348554,300000.0,consumerinternet,hyperlocalhandymanserviceprovider,chennai,seedfunding,300000.0,335457.92113210127,12.7232547871585,12.611541086966117,True,True
56,1644,0.3569254185692542,0.0003805175038051,0.4284627092846271,0.3002283105022831,100000.0,consumerinternet,onlinespa&salondiscovery&bookingplatform,bangalore,seedfunding,100000.0,388657.6535537877,12.870456740083428,11.51293546492023,True,True
57,1515,0.3569254185692542,0.0003805175038051,0.4284627092846271,0.0334855403348554,297000.0,consumerinternet,"weddingwishlist,gifts&registrycreationplatform",chennai,seedfunding,297000.0,335457.92113210127,12.7232547871585,12.601490784782536,True,True
58,854,0.0091324200913242,0.0003805175038051,0.4585235920852359,0.1997716894977169,8200000.0,education,executiveeducationprovider,mumbai,privateequity,8200000.0,4447528.753938069,15.307859388536414,15.919644834185693,True,True
59,1538,0.1137747336377473,0.0003805175038051,0.4284627092846271,0.0015220700152207,450000.0,ecommerce,personalizedpreciousjewelleryetailer,coimbatore,seedfunding,450000.0,277139.7799804372,12.532280887040162,13.017005083966255,True,True
60,1937,0.3569254185692542,0.0007610350076103,0.4284627092846271,0.1997716894977169,200000.0,consumerinternet,digitallendingplatform,mumbai,seedfunding,200000.0,329706.76474000973,12.705961979707617,12.206077645517674,True,True
61,2545,0.0007610350076103,0.1997716894977169,0.4284627092846271,0.3002283105022831,500000.0,jobsearchplatform,unknown,bangalore,seedfunding,500000.0,520682.9585600806,13.162898531225078,13.122365377402328,True,True
62,1862,0.0121765601217656,0.0003805175038051,0.4585235920852359,0.1411719939117199,12500000.0,logistics,"domestic,commercial,andindustrialgoodsmovers",newdelhi,privateequity,12500000.0,5561188.758763438,15.531322628724263,16.341239282272525,True,True
63,73,0.0072298325722983,0.0003805175038051,0.0003805175038051,0.0003805175038051,319605.0,edtech,fullstackcareerplatform,chembur,angelround,319605.0,4080034.460704569,15.221616237691734,12.674844266164872,True,True
64,253,0.1818873668188736,0.0003805175038051,0.4585235920852359,0.1997716894977169,4500000.0,technology,ecommercelogisticsplatform,mumbai,privateequity,4500000.0,3864447.0403260384,15.167329420057907,15.319588176962746,True,True
65,213,0.0072298325722983,0.0003805175038051,0.0494672754946727,0.3002283105022831,180000.0,edtech,skilllearningplatform,bangalore,seed/angelfunding,180000.0,642237.673298044,13.372715278846266,12.100717685412471,True,True
66,373,0.1818873668188736,0.0007610350076103,0.4585235920852359,0.1997716894977169,5000000.0,technology,mobilepaymentplatform,mumbai,privateequity,5000000.0,3538647.821167996,15.0792555233126,15.424948670398354,True,True
67,861,0.1818873668188736,0.0003805175038051,0.4585235920852359,0.3002283105022831,3690000.0,technology,interactivetechsupportguides,bangalore,privateequity,3690000.0,4040270.306255439,15.211822402696258,15.121137287019383,True,True
68,2826,0.0003805175038051,0.1997716894977169,0.4284627092846271,0.3002283105022831,900000.0,interactivehowtoguides,unknown,bangalore,seedfunding,900000.0,520682.9585600806,13.162898531225078,13.71015115341694,True,True
69,2397,0.0003805175038051,0.1997716894977169,0.4284627092846271,0.1411719939117199,205000.0,studymaterialmarketplace,unknown,newdelhi,seedfunding,205000.0,314866.1952260848,12.659906226451591,12.230770136157428,True,True
70,2470,0.0003805175038051,0.1997716894977169,0.4585235920852359,0.1411719939117199,12500000.0,ecommercemarketplace,unknown,newdelhi,privateequity,12500000.0,4639616.706823551,15.350142530037346,16.341239282272525,True,True
71,910,0.3569254185692542,0.0007610350076103,0.4585235920852359,0.102359208523592,3100000.0,consumerinternet,mobileservicesmarketplace,gurgaon,privateequity,3100000.0,4623956.545893513,15.3467615080408,14.946912992035967,True,True
72,1382,0.1137747336377473,0.0003805175038051,0.4284627092846271,0.0357686453576864,500000.0,ecommerce,onlinegadgetrepairservicesmarketplace,hyderabad,seedfunding,500000.0,309961.62426260475,12.644207002297732,13.122365377402328,True,True
73,2539,0.0003805175038051,0.1997716894977169,0.4585235920852359,0.1997716894977169,2400000.0,"hyperlocalmaintenance,repair&cleaningservices",unknown,mumbai,privateequity,2400000.0,4227763.541238878,15.257183934080649,14.690979711984754,True,True
74,1111,0.3569254185692542,0.0003805175038051,0.4284627092846271,0.3002283105022831,18000.0,consumerinternet,smartonlineaddresstags,bangalore,seedfunding,18000.0,388657.6535537877,12.870456740083428,9.798182590890704,True,True
75,2691,0.0003805175038051,0.1997716894977169,0.4585235920852359,0.3002283105022831,10000000.0,healthcareserviceprovider,unknown,bangalore,privateequity,10000000.0,5787616.634954608,15.571231302864163,16.118095750958314,True,True
76,505,0.1818873668188736,0.0003805175038051,0.0494672754946727,0.1997716894977169,400000.0,technology,managedcloudenvironmentsolutions,mumbai,seed/angelfunding,400000.0,424549.5597096501,12.958786381786432,12.899222326086994,True,True
77,862,0.1818873668188736,0.0003805175038051,0.4585235920852359,0.0403348554033485,7000000.0,technology,appbasedlogistics&distributionplatform,pune,privateequity,7000000.0,4416185.542396807,15.300787108437463,15.76142084987672,True,True
78,2814,0.0003805175038051,0.1997716894977169,0.4284627092846271,0.0357686453576864,165000.0,pricecomparison,unknown,hyderabad,seedfunding,165000.0,407003.6357714562,12.916579854461723,12.013706813470414,True,True
79,1509,0.0235920852359208,0.0007610350076103,0.4585235920852359,0.1997716894977169,12500000.0,finance,smelendingplatform,mumbai,privateequity,12500000.0,6961810.455627856,15.75595026506032,16.341239282272525,True,True
80,1250,0.1137747336377473,0.0003805175038051,0.4284627092846271,0.3002283105022831,150000.0,ecommerce,ethnicindianfashionmarketplace,bangalore,seedfunding,150000.0,385512.708558319,12.862332031815829,11.918397239722838,True,True
81,151,0.3569254185692542,0.0003805175038051,0.4585235920852359,0.0334855403348554,12500000.0,consumerinternet,onlinepharmacychain,chennai,privateequity,12500000.0,5491449.061858565,15.518702906453186,16.341239282272525,True,True
82,1290,0.1137747336377473,0.0003805175038051,0.4585235920852359,0.0323439878234398,2000000.0,ecommerce,onlinefashionbrandstore,noida,privateequity,2000000.0,3478312.169686568,15.06205801288085,14.508658238524095,True,True
83,2100,0.3569254185692542,0.0003805175038051,0.4284627092846271,0.3002283105022831,185000.0,consumerinternet,indiansfocusedmatchmakingapp,bangalore,seedfunding,185000.0,388657.6535537877,12.870456740083428,12.128116509451258,True,True
84,159,0.0277777777777777,0.0003805175038051,0.4585235920852359,0.0190258751902587,4000000.0,healthcare,onlinemarketplaceformotherandbabycareproducts,gurugram,privateequity,4000000.0,3728550.268818141,15.131530316392608,15.201805169084134,True,True
85,2546,0.0003805175038051,0.1997716894977169,0.4284627092846271,0.0136986301369863,300000.0,foodcustomeranalyticsplatform,unknown,ahmedabad,seedfunding,300000.0,358487.2912943926,12.789651278221768,12.611541086966117,True,True
86,1376,0.3569254185692542,0.0003805175038051,0.4284627092846271,0.0357686453576864,100000.0,consumerinternet,citybasednewsaggregatorapp,hyderabad,seedfunding,100000.0,340125.97460600326,12.737074281599025,11.51293546492023,True,True
87,2186,0.0003805175038051,0.1997716894977169,0.4284627092846271,0.3002283105022831,1000000.0,mobilegamedevelopment&designplatform,unknown,bangalore,seedfunding,1000000.0,520682.9585600806,13.162898531225078,13.815511557963774,True,True
88,1364,0.1137747336377473,0.0003805175038051,0.4585235920852359,0.1997716894977169,12300000.0,ecommerce,onlinebeautyproductsetailer,mumbai,privateequity,12300000.0,3615760.6808838393,15.100813091487032,16.325109901643454,True,True
89,743,0.3569254185692542,0.0003805175038051,0.4284627092846271,0.1997716894977169,776000.0,consumerinternet,onlineroomsaggregationplatform,mumbai,seedfunding,776000.0,305152.3305704844,12.6285696524485,13.561909087824318,True,True
90,834,0.0121765601217656,0.0003805175038051,0.4585235920852359,0.1411719939117199,12500000.0,logistics,ecommercelogisticsprovider,newdelhi,privateequity,12500000.0,5561188.758763438,15.531322628724263,16.341239282272525,True,True
91,1532,0.3569254185692542,0.0003805175038051,0.4284627092846271,0.102359208523592,600000.0,consumerinternet,onlinefoodordering&deliverystartup,gurgaon,seedfunding,600000.0,238894.62564198783,12.383782022731811,13.304686600863562,True,True
92,1117,0.3569254185692542,0.0003805175038051,0.4585235920852359,0.1411719939117199,3600000.0,consumerinternet,lockscreenrewardsmobileapp,newdelhi,privateequity,3600000.0,4129568.029008727,15.23368360816263,15.096444681204078,True,True
93,1140,0.3569254185692542,0.0011415525114155,0.4284627092846271,0.1411719939117199,200000.0,consumerinternet,p2plendingplatform,newdelhi,seedfunding,200000.0,259123.11821836352,12.465062446812324,12.206077645517674,True,True
94,1775,0.3569254185692542,0.0003805175038051,0.4585235920852359,0.1411719939117199,12500000.0,consumerinternet,ondemandbeautyserviceprovider,newdelhi,privateequity,12500000.0,4129568.029008727,15.23368360816263,16.341239282272525,True,True
95,1842,0.3569254185692542,0.0003805175038051,0.4284627092846271,0.3002283105022831,100000.0,consumerinternet,medicalsupportserviceplatform,bangalore,seedfunding,100000.0,388657.6535537877,12.870456740083428,11.51293546492023,True,True
96,1189,0.3569254185692542,0.0007610350076103,0.4284627092846271,0.3002283105022831,150000.0,consumerinternet,ondemandwashing&drycleaningservices,bangalore,seedfunding,150000.0,450168.5687664339,13.017379610248836,11.918397239722838,True,True
97,164,0.0007610350076103,0.0003805175038051,0.0494672754946727,0.3002283105022831,400000.0,foodtech,personalisationtechnologyfirmfocusingonthefoodandbeverageindustry,bangalore,seed/angelfunding,400000.0,687176.4884283266,13.440347890716788,12.899222326086994,True,True
98,2598,0.0003805175038051,0.1997716894977169,0.4585235920852359,0.3002283105022831,7500000.0,celebrityfashionbrand,unknown,bangalore,privateequity,7500000.0,5787616.634954608,15.571231302864163,15.830413711839864,True,True
99,891,0.3569254185692542,0.0003805175038051,0.4585235920852359,0.102359208523592,1500000.0,consumerinternet,onlinemedicalassistanceplatform,gurgaon,privateequity,1500000.0,5049678.8579976,15.434835404786108,14.220976332738882,True,True
100,2694,0.0003805175038051,0.1997716894977169,0.4585235920852359,0.1997716894977169,12500000.0,offgridsolarpower,unknown,mumbai,privateequity,12500000.0,4227763.541238878,15.257183934080649,16.341239282272525,True,True
101,2551,0.0003805175038051,0.1997716894977169,0.4585235920852359,0.102359208523592,3000000.0,restaurantreservationplatform,unknown,gurgaon,privateequity,3000000.0,4842031.854230991,15.392845201717549,14.914123179965662,True,True
102,1533,0.3569254185692542,0.0003805175038051,0.4585235920852359,0.3002283105022831,1350000.0,consumerinternet,vernacularlanguagecontentcreation&sharingapp,bangalore,privateequity,1350000.0,4664789.236367078,15.35555342584362,14.11561589115508,True,True
103,2298,0.0003805175038051,0.1997716894977169,0.4585235920852359,0.01103500761035,12500000.0,fashionjewelryandaccessoriesetailer,unknown,jaipur,privateequity,12500000.0,5285521.654778167,15.480482066394549,16.341239282272525,True,True
104,397,0.1818873668188736,0.0003805175038051,0.4585235920852359,0.3002283105022831,1930000.0,technology,personalassistant,bangalore,privateequity,1930000.0,4040270.306255439,15.211822402696258,14.47303107901565,True,True
105,2322,0.0003805175038051,0.1997716894977169,0.4284627092846271,0.1411719939117199,1000000.0,advertising&marketingcommunitynetworkingplatform,unknown,newdelhi,seedfunding,1000000.0,314866.1952260848,12.659906226451591,13.815511557963774,True,True
106,1650,0.3569254185692542,0.0011415525114155,0.4284627092846271,0.1411719939117199,295000.0,consumerinternet,onlinetaxfilingplatform,newdelhi,seedfunding,295000.0,259123.11821836352,12.465062446812324,12.59473402514672,True,True
107,1735,0.1137747336377473,0.0003805175038051,0.4585235920852359,0.1411719939117199,4400000.0,ecommerce,apparel&lifestyleetailer,newdelhi,privateequity,4400000.0,3192894.27263688,14.976438672110124,15.29711532616119,True,True
108,1600,0.3569254185692542,0.0003805175038051,0.4284627092846271,0.0007610350076103,30000.0,consumerinternet,ebookpublisher,unknown,seedfunding,30000.0,186048.08870508737,12.133765835644455,10.308985993422082,True,True
109,209,0.3569254185692542,0.0015220700152207,0.4585235920852359,0.1997716894977169,12500000.0,consumerinternet,onlineconsumerlendingplatform,mumbai,privateequity,12500000.0,4186551.124440181,15.2473880711499,16.341239282272525,True,True
110,453,0.1818873668188736,0.0003805175038051,0.4585235920852359,0.3002283105022831,6000000.0,technology,hyperlocalvideoinformationsharingplatform,bangalore,privateequity,6000000.0,4040270.306255439,15.211822402696258,15.607270193858982,True,True
111,172,0.3569254185692542,0.0003805175038051,0.4585235920852359,0.3002283105022831,12200000.0,consumerinternet,onlinebikerentalmarketplace,bangalore,privateequity,12200000.0,4664789.236367078,15.35555342584362,16.316946591670696,True,True
112,2228,0.0003805175038051,0.1997716894977169,0.4585235920852359,0.3002283105022831,600000.0,brandedfoodproductsonlinesales,unknown,bangalore,privateequity,600000.0,5787616.634954608,15.571231302864163,13.304686600863562,True,True
113,1307,0.1818873668188736,0.0003805175038051,0.4284627092846271,0.1411719939117199,150000.0,technology,3dprintingsolutionsforeduspace,newdelhi,seedfunding,150000.0,203463.2986085056,12.223245831660709,11.918397239722838,True,True
114,631,0.1818873668188736,0.0003805175038051,0.4585235920852359,0.3002283105022831,1000000.0,technology,defensetech&aerospacestartup,bangalore,privateequity,1000000.0,4040270.306255439,15.211822402696258,13.815511557963774,True,True
115,769,0.3569254185692542,0.0003805175038051,0.4284627092846271,0.3002283105022831,500000.0,consumerinternet,localhomesbookingplatform,bangalore,seedfunding,500000.0,388657.6535537877,12.870456740083428,13.122365377402328,True,True
116,2127,0.0003805175038051,0.1997716894977169,0.4585235920852359,0.0357686453576864,4500000.0,custommadefurnitureetailer,unknown,hyderabad,privateequity,4500000.0,4971133.975945398,15.419158737382777,15.319588176962746,True,True
117,963,0.3569254185692542,0.0003805175038051,0.4585235920852359,0.1411719939117199,3100000.0,consumerinternet,digitalmediapublicationforwomen,newdelhi,privateequity,3100000.0,4129568.029008727,15.23368360816263,14.946912992035967,True,True
118,421,0.3569254185692542,0.0003805175038051,0.4585235920852359,0.1997716894977169,1000000.0,consumerinternet,onlineservices,mumbai,privateequity,1000000.0,4676487.321310677,15.358058027539538,13.815511557963774,True,True
119,1894,0.1137747336377473,0.0003805175038051,0.4284627092846271,0.0323439878234398,300000.0,ecommerce,onlinemarketplaceforschools,noida,seedfunding,300000.0,262365.3817068374,12.477497209348911,12.611541086966117,True,True
120,15,0.0007610350076103,0.0003805175038051,0.0026636225266362,0.0323439878234398,12500000.0,gaming,realmoneybasedgamingstartup,noida,seedround,12500000.0,1449578.2918052813,14.1867839287144,16.341239282272525,True,True
121,325,0.1818873668188736,0.0003805175038051,0.0098934550989345,0.0334855403348554,9700000.0,technology,"creativedesign,brand,mediaandtechnologyplatformsolutions",chennai,debtfunding,9700000.0,3046635.496149963,14.929548751917771,16.08763654656639,True,True
122,2225,0.0003805175038051,0.1997716894977169,0.4284627092846271,0.1997716894977169,150000.0,ecommerceproductsearchengine,unknown,mumbai,seedfunding,150000.0,368608.0431572448,12.817491857713016,11.918397239722838,True,True
123,2070,0.3569254185692542,0.0003805175038051,0.4284627092846271,0.1997716894977169,40000.0,consumerinternet,socialmeetingorganizerapp,mumbai,seedfunding,40000.0,305152.3305704844,12.6285696524485,10.59665973278358,True,True
124,2478,0.0003805175038051,0.1997716894977169,0.4585235920852359,0.1997716894977169,9600000.0,userengagment&analyticsplatform,unknown,mumbai,privateequity,9600000.0,4227763.541238878,15.257183934080649,16.077273760604726,True,True
125,851,0.1137747336377473,0.0034246575342465,0.4585235920852359,0.0068493150684931,5000000.0,ecommerce,onlinepharmacy,kolkata,privateequity,5000000.0,4582655.843002616,15.337789484624766,15.424948670398354,True,True
126,2130,0.0003805175038051,0.1997716894977169,0.4284627092846271,0.1411719939117199,250000.0,smartsafetywearabledevices,unknown,newdelhi,seedfunding,250000.0,314866.1952260848,12.659906226451591,12.429220196836384,True,True
127,336,0.0011415525114155,0.0003805175038051,0.0494672754946727,0.0190258751902587,3000000.0,food&beverages,onlinerawmeatetailer,gurugram,seed/angelfunding,3000000.0,449747.2221483808,13.016443198827492,14.914123179965662,True,True
128,2306,0.0003805175038051,0.1997716894977169,0.4585235920852359,0.1997716894977169,6000000.0,onlinehomeopathyclinic,unknown,mumbai,privateequity,6000000.0,4227763.541238878,15.257183934080649,15.607270193858982,True,True
129,780,0.3569254185692542,0.0003805175038051,0.4585235920852359,0.3002283105022831,2000000.0,consumerinternet,aibasedpersonalassistant,bangalore,privateequity,2000000.0,4664789.236367078,15.35555342584362,14.508658238524095,True,True
130,1359,0.3569254185692542,0.0003805175038051,0.4284627092846271,0.1411719939117199,150000.0,consumerinternet,socialhealthnetworkingplatform,newdelhi,seedfunding,150000.0,221967.74857927996,12.31029187877968,11.918397239722838,True,True
131,1139,0.1818873668188736,0.0003805175038051,0.4585235920852359,0.3002283105022831,10000000.0,technology,education&learningtechplatform,bangalore,privateequity,10000000.0,4040270.306255439,15.211822402696258,16.118095750958314,True,True
132,868,0.0277777777777777,0.0003805175038051,0.4585235920852359,0.3002283105022831,12500000.0,healthcare,homebasedhealthcareprovider,bangalore,privateequity,12500000.0,4908192.696213047,15.406416549440282,16.341239282272525,True,True
133,2284,0.0003805175038051,0.1997716894977169,0.4284627092846271,0.1997716894977169,540000.0,charactermerchandizesalesplatform,unknown,mumbai,seedfunding,540000.0,368608.0431572448,12.817491857713016,13.199326270390594,True,True
134,2541,0.0003805175038051,0.1997716894977169,0.4585235920852359,0.3002283105022831,12500000.0,onlinefurnituremarketplace,unknown,bangalore,privateequity,12500000.0,5787616.634954608,15.571231302864163,16.341239282272525,True,True
135,2731,0.0003805175038051,0.1997716894977169,0.4585235920852359,0.1411719939117199,1000000.0,onlineeducationmarketplace,unknown,newdelhi,privateequity,1000000.0,4639616.706823551,15.350142530037346,13.815511557963774,True,True
136,62,0.0011415525114155,0.0003805175038051,0.0034246575342465,0.0026636225266362,2500000.0,informationtechnology,bigdata,singapore,preseriesa,2500000.0,2797017.9984010523,14.844064764581857,14.731801689838347,True,True
137,2262,0.0003805175038051,0.1997716894977169,0.4284627092846271,0.3002283105022831,100000.0,socialplatformfortradersandinvestors,unknown,bangalore,seedfunding,100000.0,520682.9585600806,13.162898531225078,11.51293546492023,True,True
138,2537,0.0003805175038051,0.1997716894977169,0.4585235920852359,0.3002283105022831,1000000.0,corporatewellnessapp,unknown,bangalore,privateequity,1000000.0,5787616.634954608,15.571231302864163,13.815511557963774,True,True
139,1459,0.1818873668188736,0.0003805175038051,0.4585235920852359,0.3002283105022831,375000.0,technology,aadharbaseddocumentsigningplatform,bangalore,privateequity,375000.0,4040270.306255439,15.211822402696258,12.83468397161566,True,True
140,2756,0.0019025875190258,0.1997716894977169,0.4284627092846271,0.3002283105022831,1000000.0,onlinefooddelivery,unknown,bangalore,seedfunding,1000000.0,716587.2282694335,13.482256656519391,13.815511557963774,True,True
141,2214,0.0003805175038051,0.1997716894977169,0.4585235920852359,0.102359208523592,1800000.0,onlinegroceryplatform,unknown,gurgaon,privateequity,1800000.0,4842031.854230991,15.392845201717549,14.403297778421797,True,True
142,2643,0.0003805175038051,0.1997716894977169,0.4585235920852359,0.0357686453576864,6000000.0,spa&salonmanagementsoftware,unknown,hyderabad,privateequity,6000000.0,4971133.975945398,15.419158737382777,15.607270193858982,True,True
143,46,0.0003805175038051,0.0003805175038051,0.0003805175038051,0.3002283105022831,1600000.0,retail,fueldelivery,bangalore,seedfundinground,1600000.0,4383953.335967099,15.293461691489842,14.285514812209817,True,True
144,72,0.0003805175038051,0.0003805175038051,0.0091324200913242,0.1997716894977169,1000000.0,luxurylabel,clothesandapparel,mumbai,seriesa,1000000.0,4108701.3692865446,15.228617811386297,13.815511557963774,True,True
145,2331,0.0003805175038051,0.1997716894977169,0.4585235920852359,0.3002283105022831,2500000.0,mobilemessagingassistantapp,unknown,bangalore,privateequity,2500000.0,5787616.634954608,15.571231302864163,14.731801689838347,True,True
146,578,0.3569254185692542,0.0079908675799086,0.4585235920852359,0.3002283105022831,1500000.0,consumerinternet,onlinelendingplatform,bangalore,privateequity,1500000.0,5957173.442260194,15.600106839757728,14.220976332738882,True,True
147,2067,0.1137747336377473,0.0003805175038051,0.4585235920852359,0.1411719939117199,1800000.0,ecommerce,b2bindustrialgoodsmarketplace,newdelhi,privateequity,1800000.0,3192894.27263688,14.976438672110124,14.403297778421797,True,True
148,2309,0.0003805175038051,0.1997716894977169,0.4585235920852359,0.102359208523592,12500000.0,delivery&logisticsserviceprovider,unknown,gurgaon,privateequity,12500000.0,4842031.854230991,15.392845201717549,16.341239282272525,True,True
149,441,0.1818873668188736,0.0003805175038051,0.0494672754946727,0.1997716894977169,50000.0,technology,educationalplatformtolearnmathematics,mumbai,seed/angelfunding,50000.0,424549.5597096501,12.958786381786432,10.819798284210286,True,True
150,2773,0.0003805175038051,0.1997716894977169,0.4585235920852359,0.3002283105022831,2000000.0,clouddataintegrationplatform,unknown,bangalore,privateequity,2000000.0,5787616.634954608,15.571231302864163,14.508658238524095,True,True
151,953,0.3569254185692542,0.0007610350076103,0.4585235920852359,0.1997716894977169,4500000.0,consumerinternet,onlinerealestateportal,mumbai,privateequity,4500000.0,4282227.590662008,15.26998413079423,15.319588176962746,True,True
152,2791,0.0003805175038051,0.1997716894977169,0.4585235920852359,0.102359208523592,10000000.0,truckinglogisticoperations,unknown,gurgaon,privateequity,10000000.0,4842031.854230991,15.392845201717549,16.118095750958314,True,True
153,1417,0.3569254185692542,0.0003805175038051,0.4585235920852359,0.0323439878234398,1800000.0,consumerinternet,onlinejobandcareerplatformforwomen,noida,privateequity,1800000.0,4369918.962503391,15.290255251687432,14.403297778421797,True,True
154,990,0.1818873668188736,0.0003805175038051,0.4585235920852359,0.1997716894977169,3000000.0,technology,turnkeysolarsolutions,mumbai,privateequity,3000000.0,3864447.0403260384,15.167329420057907,14.914123179965662,True,True
155,580,0.3569254185692542,0.0079908675799086,0.4585235920852359,0.0136986301369863,10750000.0,consumerinternet,onlinelendingplatform,ahmedabad,privateequity,10750000.0,5190424.133874422,15.462326165828614,16.190416405561198,True,True
156,1810,0.3569254185692542,0.0003805175038051,0.4284627092846271,0.102359208523592,500000.0,consumerinternet,microgrocerydeliveryplatform,gurgaon,seedfunding,500000.0,238894.62564198783,12.383782022731811,13.122365377402328,True,True
157,1350,0.1137747336377473,0.0003805175038051,0.4585235920852359,0.3002283105022831,8000000.0,ecommerce,onlinefashionretailer,bangalore,privateequity,8000000.0,4671941.609480367,15.357085519485036,15.894952224644102,True,True
158,487,0.1818873668188736,0.0003805175038051,0.4284627092846271,0.0129375951293759,872000.0,technology,enrolmentmanagementplatform,delhi,seedfunding,872000.0,236972.8467075148,12.375705062583014,13.67854584967945,True,True
159,1331,0.1818873668188736,0.0003805175038051,0.4585235920852359,0.0334855403348554,971000.0,technology,truckfleetoperationplatform,chennai,privateequity,971000.0,4490572.683236457,15.31749102065164,13.786082777139049,True,True
160,924,0.3569254185692542,0.0003805175038051,0.4585235920852359,0.3002283105022831,12500000.0,consumerinternet,appbasedcabaggregator,bangalore,privateequity,12500000.0,4664789.236367078,15.35555342584362,16.341239282272525,True,True
161,1201,0.1137747336377473,0.0003805175038051,0.4585235920852359,0.1997716894977169,3000000.0,ecommerce,packagingmaterialmarketplace,mumbai,privateequity,3000000.0,3615760.6808838393,15.100813091487032,14.914123179965662,True,True
162,1465,0.3569254185692542,0.0003805175038051,0.4284627092846271,0.1411719939117199,100000.0,consumerinternet,onlinenotessharingportal,newdelhi,seedfunding,100000.0,221967.74857927996,12.31029187877968,11.51293546492023,True,True
163,1074,0.3569254185692542,0.0003805175038051,0.4284627092846271,0.1411719939117199,441000.0,consumerinternet,fooddiscoveryplatform,newdelhi,seedfunding,441000.0,221967.74857927996,12.31029187877968,12.996802422000108,True,True
164,182,0.1818873668188736,0.0003805175038051,0.4585235920852359,0.3002283105022831,6000000.0,technology,appliedartificialintelligenceandiotfocusedplatform,bangalore,privateequity,6000000.0,4040270.306255439,15.211822402696258,15.607270193858982,True,True
165,2232,0.0003805175038051,0.1997716894977169,0.4284627092846271,0.0357686453576864,250000.0,cricketmanagementmobilegame,unknown,hyderabad,seedfunding,250000.0,407003.6357714562,12.916579854461723,12.429220196836384,True,True
166,1022,0.1818873668188736,0.0003805175038051,0.4284627092846271,0.0003805175038051,350000.0,technology,droneoperationsmanagementplatform,missourie,seedfunding,350000.0,109206.96421956454,11.601009272047095,12.765691290604371,True,True
167,779,0.3569254185692542,0.0003805175038051,0.4585235920852359,0.1997716894977169,3000000.0,consumerinternet,onlinemarketplaceforfinancialproducts,mumbai,privateequity,3000000.0,4676487.321310677,15.358058027539538,14.914123179965662,True,True
168,426,0.0277777777777777,0.0003805175038051,0.0098934550989345,0.3002283105022831,10000000.0,healthcare,fitness,bangalore,debtfunding,10000000.0,5183436.084822278,15.46097892408551,16.118095750958314,True,True
169,260,0.3569254185692542,0.0011415525114155,0.0494672754946727,0.1997716894977169,225000.0,consumerinternet,p2plendingplatform,mumbai,seed/angelfunding,225000.0,960456.5890343256,13.775165105124085,12.323860125621126,True,True
170,2508,0.0003805175038051,0.1997716894977169,0.4585235920852359,0.3002283105022831,8000000.0,homedesign&d,unknown,bangalore,privateequity,8000000.0,5787616.634954608,15.571231302864163,15.894952224644102,True,True
171,715,0.3569254185692542,0.0003805175038051,0.4284627092846271,0.3002283105022831,200000.0,consumerinternet,assistedlearningstartup,bangalore,seedfunding,200000.0,388657.6535537877,12.870456740083428,12.206077645517674,True,True
172,952,0.3569254185692542,0.0003805175038051,0.4284627092846271,0.3002283105022831,500000.0,consumerinternet,instantmobileappsstore,bangalore,seedfunding,500000.0,388657.6535537877,12.870456740083428,13.122365377402328,True,True
173,1068,0.3569254185692542,0.0003805175038051,0.4585235920852359,0.3002283105022831,5000000.0,consumerinternet,brandedpgaccomodationbookingplatform,bangalore,privateequity,5000000.0,4664789.236367078,15.35555342584362,15.424948670398354,True,True
174,2600,0.0003805175038051,0.1997716894977169,0.4585235920852359,0.1411719939117199,10200000.0,healthcaremobileapp,unknown,newdelhi,privateequity,10200000.0,4639616.706823551,15.350142530037346,16.13789837629371,True,True
175,2657,0.0003805175038051,0.1997716894977169,0.4585235920852359,0.1411719939117199,12500000.0,usedvehiclemarketplace,unknown,newdelhi,privateequity,12500000.0,4639616.706823551,15.350142530037346,16.341239282272525,True,True
176,1678,0.1818873668188736,0.0003805175038051,0.4284627092846271,0.1411719939117199,500000.0,technology,affordablenonemergencymedicalservicehealthplans,newdelhi,seedfunding,500000.0,203463.2986085056,12.223245831660709,13.122365377402328,True,True
177,1410,0.1818873668188736,0.0003805175038051,0.4585235920852359,0.1997716894977169,12500000.0,technology,enterprisecloudsolutions,mumbai,privateequity,12500000.0,3864447.0403260384,15.167329420057907,16.341239282272525,True,True
178,13,0.0235920852359208,0.0019025875190258,0.0098934550989345,0.1997716894977169,5900000.0,finance,nonbankingfinancialcompany,mumbai,debtfunding,5900000.0,6622058.749117301,15.705917019869116,15.59046307836746,True,True
179,2467,0.0003805175038051,0.1997716894977169,0.4284627092846271,0.0323439878234398,1000000.0,budgetaccommodationplatform,unknown,noida,seedfunding,1000000.0,370204.8138921071,12.821814383731082,13.815511557963774,True,True
180,2670,0.0003805175038051,0.1997716894977169,0.4284627092846271,0.1411719939117199,350000.0,healthyfoodonlinecommunity,unknown,newdelhi,seedfunding,350000.0,314866.1952260848,12.659906226451591,12.765691290604371,True,True
181,520,0.1818873668188736,0.0003805175038051,0.4585235920852359,0.0129375951293759,2000000.0,technology,studentaccommodationplatform,delhi,privateequity,2000000.0,2484038.1082926528,14.725396465990736,14.508658238524095,True,True
182,2721,0.0003805175038051,0.1997716894977169,0.4284627092846271,0.3002283105022831,120000.0,socialnetworkforartists,unknown,bangalore,seedfunding,120000.0,520682.9585600806,13.162898531225078,11.695255355062796,True,True
183,2865,0.0003805175038051,0.1997716894977169,0.4585235920852359,0.1997716894977169,12500000.0,teleshopping/ecommerce,unknown,mumbai,privateequity,12500000.0,4227763.541238878,15.257183934080649,16.341239282272525,True,True
184,255,0.0072298325722983,0.0019025875190258,0.0494672754946727,0.3002283105022831,2000000.0,edtech,onlineeducationplatform,bangalore,seed/angelfunding,2000000.0,725125.2387325398,13.494101041068978,14.508658238524095,True,True
185,45,0.0235920852359208,0.0003805175038051,0.0091324200913242,0.1411719939117199,5000000.0,finance,supplychainmanagement,newdelhi,seriesa,5000000.0,4462398.065391984,15.311197086414676,15.424948670398354,True,True
186,2496,0.0003805175038051,0.1997716894977169,0.4585235920852359,0.1997716894977169,500000.0,loyaltyprograms&rewardpoints,unknown,mumbai,privateequity,500000.0,4227763.541238878,15.257183934080649,13.122365377402328,True,True
187,347,0.0003805175038051,0.0007610350076103,0.0494672754946727,0.0129375951293759,535000.0,media,newsportal,delhi,seed/angelfunding,535000.0,622715.9590696703,13.341847375224985,13.190023895035274,True,True
188,1654,0.1818873668188736,0.0003805175038051,0.4284627092846271,0.0068493150684931,50000.0,technology,visualcontentmarketing,kolkata,seedfunding,50000.0,239927.2204099715,12.38809507596518,10.819798284210286,True,True
189,435,0.1818873668188736,0.0003805175038051,0.4585235920852359,0.1997716894977169,10000000.0,technology,mobilepointofsaleservicesprovider,mumbai,privateequity,10000000.0,3864447.0403260384,15.167329420057907,16.118095750958314,True,True
190,1557,0.0121765601217656,0.0003805175038051,0.4284627092846271,0.1997716894977169,595000.0,logistics,techfocusedcargotransportstartup,mumbai,seedfunding,595000.0,475117.8866191882,13.0713203393194,13.296318365198625,True,True
191,367,0.0011415525114155,0.0015220700152207,0.0011415525114155,0.1997716894977169,311200.0,foodandbeverages,onlinefooddelivery,mumbai,seed/anglefunding,311200.0,4063449.9794337777,15.217543165471223,12.64819428464882,True,True
192,2680,0.0003805175038051,0.1997716894977169,0.4284627092846271,0.1411719939117199,100000.0,onlinecarrentalaffiliates,unknown,newdelhi,seedfunding,100000.0,314866.1952260848,12.659906226451591,11.51293546492023,True,True
193,1296,0.0235920852359208,0.0003805175038051,0.4585235920852359,0.0357686453576864,6000000.0,finance,educationsectorlending,hyderabad,privateequity,6000000.0,8590836.59412834,15.966206797254374,15.607270193858982,True,True
194,1773,0.3569254185692542,0.0003805175038051,0.4284627092846271,0.1411719939117199,1000000.0,consumerinternet,onlinecar&bikeinsurancecomparisonportal,newdelhi,seedfunding,1000000.0,221967.74857927996,12.31029187877968,13.815511557963774,True,True
195,688,0.3569254185692542,0.0003805175038051,0.4585235920852359,0.0403348554033485,2250000.0,consumerinternet,salon&spaaggregation&discoveryplatform,pune,privateequity,2250000.0,5294323.780105567,15.482146008604008,14.626441218624947,True,True
196,2090,0.1137747336377473,0.0007610350076103,0.4585235920852359,0.102359208523592,4000000.0,ecommerce,constructionmaterialetailer,gurgaon,privateequity,4000000.0,3581211.626897672,15.09121202362045,15.201805169084134,True,True
197,19,0.0091324200913242,0.0015220700152207,0.0015220700152207,0.102359208523592,1500000.0,education,elearning,gurgaon,seed,1500000.0,11090646.385980869,16.221612733274775,14.220976332738882,True,True
198,18,0.002283105022831,0.0003805175038051,0.0076103500761035,0.102359208523592,486000.0,healthandwellness,men'shealthandwellnessbrand,gurgaon,seriesb,486000.0,9265127.1542019,16.04176824968385,13.093965960493682,True,True
199,2701,0.0003805175038051,0.1997716894977169,0.4585235920852359,0.3002283105022831,5000000.0,fashionecommercestore,unknown,bangalore,privateequity,5000000.0,5787616.634954608,15.571231302864163,15.424948670398354,True,True
200,2209,0.0003805175038051,0.1997716894977169,0.4284627092846271,0.0007610350076103,400000.0,onlinecounsellingandpsychologicalsupportplatform,unknown,gwalior,seedfunding,400000.0,606432.2262126093,13.315349904376207,12.899222326086994,True,True
201,2628,0.0003805175038051,0.1997716894977169,0.4585235920852359,0.1411719939117199,1000000.0,organicfoodecommerce,unknown,newdelhi,privateequity,1000000.0,4639616.706823551,15.350142530037346,13.815511557963774,True,True
202,1377,0.3569254185692542,0.0003805175038051,0.4585235920852359,0.102359208523592,1000000.0,consumerinternet,onlinedoctorconsultations,gurgaon,privateequity,1000000.0,5049678.8579976,15.434835404786108,13.815511557963774,True,True
203,597,0.3569254185692542,0.0003805175038051,0.4585235920852359,0.1411719939117199,3000000.0,consumerinternet,smartparkingenabler,newdelhi,privateequity,3000000.0,4129568.029008727,15.23368360816263,14.914123179965662,True,True
204,528,0.1818873668188736,0.0003805175038051,0.4284627092846271,0.1997716894977169,450000.0,technology,rooftopsolarplatform,mumbai,seedfunding,450000.0,279713.1884610722,12.54152360532953,13.017005083966255,True,True
205,2395,0.0003805175038051,0.1997716894977169,0.4284627092846271,0.3002283105022831,2000000.0,cloudbasedhotelbookingplatform,unknown,bangalore,seedfunding,2000000.0,520682.9585600806,13.162898531225078,14.508658238524095,True,True
206,102,0.002283105022831,0.0003805175038051,0.4284627092846271,0.0190258751902587,200000.0,healthandwellness,organicwellness,gurugram,seedfunding,200000.0,374906.1327657518,12.834433628325227,12.206077645517674,True,True
207,1501,0.3569254185692542,0.0003805175038051,0.4284627092846271,0.1997716894977169,500000.0,consumerinternet,seedinvestment&innovationplatform,mumbai,seedfunding,500000.0,305152.3305704844,12.6285696524485,13.122365377402328,True,True
208,571,0.0083713850837138,0.0003805175038051,0.4585235920852359,0.0015220700152207,2000000.0,food&beverage,agriculturetechnology,coimbatore,privateequity,2000000.0,4376232.644128059,15.291699013826848,14.508658238524095,True,True
209,1867,0.3569254185692542,0.0003805175038051,0.4284627092846271,0.3002283105022831,180000.0,consumerinternet,hyperlocalhomemaintenanceservices,bangalore,seedfunding,180000.0,388657.6535537877,12.870456740083428,12.100717685412471,True,True
210,543,0.0121765601217656,0.0003805175038051,0.4585235920852359,0.0357686453576864,1100000.0,logistics,medicaltransportationservices,hyderabad,privateequity,1100000.0,6165363.61483085,15.634457835545565,13.910821646859096,True,True
211,1909,0.1818873668188736,0.0003805175038051,0.4284627092846271,0.102359208523592,22500.0,technology,augmentedrealitysolutions,gurgaon,seedfunding,22500.0,224357.32577074287,12.320999721349567,10.021315031649332,True,True
212,2588,0.0003805175038051,0.1997716894977169,0.4585235920852359,0.1411719939117199,5000000.0,realestaterating&analysis,unknown,newdelhi,privateequity,5000000.0,4639616.706823551,15.350142530037346,15.424948670398354,True,True
213,1305,0.3569254185692542,0.0003805175038051,0.4284627092846271,0.102359208523592,300000.0,consumerinternet,appbasedtraveldiscoveryandtransactionsplatform,gurgaon,seedfunding,300000.0,238894.62564198783,12.383782022731811,12.611541086966117,True,True
214,1549,0.1137747336377473,0.0003805175038051,0.4585235920852359,0.1997716894977169,12500000.0,ecommerce,jewelleryetailer,mumbai,privateequity,12500000.0,3615760.6808838393,15.100813091487032,16.341239282272525,True,True
215,1541,0.1818873668188736,0.0003805175038051,0.4284627092846271,0.0403348554033485,1000000.0,technology,enterpriseworkmanagementsoftware,pune,seedfunding,1000000.0,245578.46571543935,12.411375863109235,13.815511557963774,True,True
216,2727,0.0003805175038051,0.1997716894977169,0.4284627092846271,0.3002283105022831,500000.0,videoadvertisementplatform,unknown,bangalore,seedfunding,500000.0,520682.9585600806,13.162898531225078,13.122365377402328,True,True
217,637,0.0121765601217656,0.0007610350076103,0.4284627092846271,0.1997716894977169,300000.0,logistics,ondemandlogisticsserviceprovider,mumbai,seedfunding,300000.0,506269.9532375434,13.134827285657575,12.611541086966117,True,True
218,1486,0.3569254185692542,0.0007610350076103,0.4585235920852359,0.1997716894977169,3000000.0,consumerinternet,lendingplatformforsalariedprofessionals,mumbai,privateequity,3000000.0,4282227.590662008,15.26998413079423,14.914123179965662,True,True
219,137,0.0091324200913242,0.0003805175038051,0.4284627092846271,0.0323439878234398,278000.0,education,personalizedlearning,noida,seedfunding,278000.0,319826.9271183061,12.675538402393196,12.535379989788607,True,True
220,1992,0.3569254185692542,0.0003805175038051,0.4284627092846271,0.0357686453576864,400000.0,consumerinternet,onlineweddingservicesmarketplace,hyderabad,seedfunding,400000.0,340125.97460600326,12.737074281599025,12.899222326086994,True,True
221,2430,0.0003805175038051,0.1997716894977169,0.4585235920852359,0.3002283105022831,1150000.0,onlinehealth&wellnessplatform,unknown,bangalore,privateequity,1150000.0,5787616.634954608,15.571231302864163,13.955273369904273,True,True
222,946,0.3569254185692542,0.0003805175038051,0.4284627092846271,0.1411719939117199,30000.0,consumerinternet,onlinevehicleservicesbookingplatform,newdelhi,seedfunding,30000.0,221967.74857927996,12.31029187877968,10.308985993422082,True,True
223,2580,0.0003805175038051,0.1997716894977169,0.4284627092846271,0.0136986301369863,1000000.0,custommerchandizeplatform,unknown,ahmedabad,seedfunding,1000000.0,358487.2912943926,12.789651278221768,13.815511557963774,True,True
224,416,0.0235920852359208,0.0019025875190258,0.0003805175038051,0.0190258751902587,6240000.0,finance,onlinelending,gurugram,termloan,6240000.0,8893189.397870209,16.00079641801093,15.646490900602007,True,True
225,206,0.3569254185692542,0.0003805175038051,0.0494672754946727,0.3002283105022831,1500000.0,consumerinternet,subscriptiononlynewswebsite,bangalore,seed/angelfunding,1500000.0,963930.1817063332,13.77877518277298,14.220976332738882,True,True
226,1000,0.3569254185692542,0.0003805175038051,0.4585235920852359,0.0323439878234398,10000000.0,consumerinternet,onlinetravelagentmarketplace,noida,privateequity,10000000.0,4369918.962503391,15.290255251687432,16.118095750958314,True,True
227,2864,0.0003805175038051,0.1997716894977169,0.4284627092846271,0.0357686453576864,250000.0,roboticprogramlearning,unknown,hyderabad,seedfunding,250000.0,407003.6357714562,12.916579854461723,12.429220196836384,True,True
228,171,0.3569254185692542,0.0003805175038051,0.0494672754946727,0.3002283105022831,4000000.0,consumerinternet,realtimemobileappmanagement,bangalore,seed/angelfunding,4000000.0,963930.1817063332,13.77877518277298,15.201805169084134,True,True
229,2016,0.1818873668188736,0.0003805175038051,0.4284627092846271,0.3002283105022831,750000.0,technology,"tvsearch,guideandremotemobileapp",bangalore,seedfunding,750000.0,369353.2753452152,12.819511558211984,13.527829818844936,True,True
230,2684,0.0003805175038051,0.1997716894977169,0.4284627092846271,0.0403348554033485,250000.0,bespokemerchandizemarketplace,unknown,pune,seedfunding,250000.0,320011.8768100659,12.676116513997757,12.429220196836384,True,True
231,2427,0.0003805175038051,0.1997716894977169,0.4585235920852359,0.102359208523592,12500000.0,privatelabelfashionetailer,unknown,gurgaon,privateequity,12500000.0,4842031.854230991,15.392845201717549,16.341239282272525,True,True
232,224,0.0277777777777777,0.0003805175038051,0.0494672754946727,0.0357686453576864,5000000.0,healthcare,healthandwellbeingplatform,hyderabad,seed/angelfunding,5000000.0,848390.8177815651,13.65109785733286,15.424948670398354,True,True
233,2428,0.0003805175038051,0.1997716894977169,0.4284627092846271,0.102359208523592,600000.0,onlinefoodordering&delivery,unknown,gurgaon,seedfunding,600000.0,303777.92114576325,12.624055482752969,13.304686600863562,True,True
234,2625,0.0007610350076103,0.1997716894977169,0.4585235920852359,0.1411719939117199,12500000.0,onlinebudgethotelchain,unknown,newdelhi,privateequity,12500000.0,4639616.706823551,15.350142530037346,16.341239282272525,True,True
235,2342,0.0003805175038051,0.1997716894977169,0.4585235920852359,0.1997716894977169,12500000.0,paymentssolutionplatform,unknown,mumbai,privateequity,12500000.0,4227763.541238878,15.257183934080649,16.341239282272525,True,True
236,1793,0.1137747336377473,0.0034246575342465,0.4585235920852359,0.102359208523592,12500000.0,ecommerce,onlinepharmacy,gurgaon,privateequity,12500000.0,5899374.8290359005,15.590357111590782,16.341239282272525,True,True
237,787,0.1818873668188736,0.0003805175038051,0.4284627092846271,0.0357686453576864,1500000.0,technology,enterprisemobilitysolutions,hyderabad,seedfunding,1500000.0,313149.44048593653,12.654438994581778,14.220976332738882,True,True
238,1724,0.3569254185692542,0.0003805175038051,0.4284627092846271,0.3002283105022831,1000000.0,consumerinternet,onlineinvestmentplatform,bangalore,seedfunding,1000000.0,388657.6535537877,12.870456740083428,13.815511557963774,True,True
239,168,0.3569254185692542,0.0003805175038051,0.0494672754946727,0.1997716894977169,1000000.0,consumerinternet,holyplatformofferingcustomisedpujapackagestoindividualsandcorporates,mumbai,seed/angelfunding,1000000.0,763422.2109510085,13.54556782353502,13.815511557963774,True,True
240,920,0.3569254185692542,0.0003805175038051,0.4585235920852359,0.3002283105022831,1500000.0,consumerinternet,onlineeducationalcourses,bangalore,privateequity,1500000.0,4664789.236367078,15.35555342584362,14.220976332738882,True,True
241,1687,0.1137747336377473,0.0003805175038051,0.4284627092846271,0.1411719939117199,250000.0,ecommerce,"furniture,appliancesportal",newdelhi,seedfunding,250000.0,201392.067953468,12.213013839376664,12.429220196836384,True,True
242,86,0.0060882800608828,0.0079908675799086,0.0076103500761035,0.0011415525114155,12500000.0,fintech,onlinelendingplatform,newyork,seriesb,12500000.0,12106367.484163435,16.309242193113892,16.341239282272525,True,True
243,2259,0.0003805175038051,0.1997716894977169,0.4585235920852359,0.3002283105022831,3000000.0,onlinerealestatemarketplace,unknown,bangalore,privateequity,3000000.0,5787616.634954608,15.571231302864163,14.914123179965662,True,True
244,460,0.1818873668188736,0.0003805175038051,0.4585235920852359,0.3002283105022831,9500000.0,technology,onlinecoursesandmentoringfromexperts,bangalore,privateequity,9500000.0,4040270.306255439,15.211822402696258,16.066802461833923,True,True
245,753,0.3569254185692542,0.0003805175038051,0.4284627092846271,0.1997716894977169,100000.0,consumerinternet,personalfinanceplatform,mumbai,seedfunding,100000.0,305152.3305704844,12.6285696524485,11.51293546492023,True,True
246,2555,0.0003805175038051,0.1997716894977169,0.4284627092846271,0.1997716894977169,400000.0,ondemandbeautyservice,unknown,mumbai,seedfunding,400000.0,368608.0431572448,12.817491857713016,12.899222326086994,True,True
247,1684,0.0121765601217656,0.0003805175038051,0.4284627092846271,0.0357686453576864,75000.0,logistics,logisticsandwarehousingservices,hyderabad,seedfunding,75000.0,519661.1436004992,13.16093415555041,11.225256725762891,True,True
248,2376,0.0003805175038051,0.1997716894977169,0.4284627092846271,0.1997716894977169,130000.0,ridesharingmobileapp,unknown,mumbai,seedfunding,130000.0,368608.0431572448,12.817491857713016,11.775297421715829,True,True
249,1055,0.3569254185692542,0.0003805175038051,0.4585235920852359,0.102359208523592,2250000.0,consumerinternet,smallbusinessloansmarketplaceplatform,gurgaon,privateequity,2250000.0,5049678.8579976,15.434835404786108,14.626441218624947,True,True
250,2582,0.0003805175038051,0.1997716894977169,0.4284627092846271,0.1997716894977169,395000.0,customfurnituremarketplace,unknown,mumbai,seedfunding,395000.0,368608.0431572448,12.817491857713016,12.886643575525625,True,True
251,2482,0.0007610350076103,0.1997716894977169,0.4585235920852359,0.1411719939117199,12500000.0,onlinebudgethotelchain,unknown,newdelhi,privateequity,12500000.0,4639616.706823551,15.350142530037346,16.341239282272525,True,True
252,1607,0.3569254185692542,0.0003805175038051,0.4284627092846271,0.0034246575342465,450000.0,consumerinternet,taxirentalplatform,vadodara,seedfunding,450000.0,373306.3116800484,12.830157251316937,13.017005083966255,True,True
253,1846,0.3569254185692542,0.0003805175038051,0.4284627092846271,0.3002283105022831,750000.0,consumerinternet,womentracker,bangalore,seedfunding,750000.0,388657.6535537877,12.870456740083428,13.527829818844936,True,True
254,601,0.3569254185692542,0.0034246575342465,0.4585235920852359,0.1997716894977169,11500000.0,consumerinternet,onlinelearningplatform,mumbai,privateequity,11500000.0,4709851.9076808505,15.365167235713187,16.257857680289998,True,True
255,2461,0.0003805175038051,0.1997716894977169,0.4585235920852359,0.102359208523592,12500000.0,hyperlocalgrocerydelivery,unknown,gurgaon,privateequity,12500000.0,4842031.854230991,15.392845201717549,16.341239282272525,True,True
256,2358,0.0003805175038051,0.1997716894977169,0.4585235920852359,0.3002283105022831,5000000.0,onlinelogisticsplatform,unknown,bangalore,privateequity,5000000.0,5787616.634954608,15.571231302864163,15.424948670398354,True,True
257,1256,0.3569254185692542,0.0003805175038051,0.4585235920852359,0.3002283105022831,500000.0,consumerinternet,campussocialnetworkingapp,bangalore,privateequity,500000.0,4664789.236367078,15.35555342584362,13.122365377402328,True,True
258,1203,0.3569254185692542,0.0003805175038051,0.4585235920852359,0.1997716894977169,3000000.0,consumerinternet,onlinecarsharingplatform,mumbai,privateequity,3000000.0,4676487.321310677,15.358058027539538,14.914123179965662,True,True
259,1901,0.0277777777777777,0.0003805175038051,0.4284627092846271,0.3002283105022831,400000.0,healthcare,predictivehealthcareplatform,bangalore,seedfunding,400000.0,466029.5231192957,13.052006411218734,12.899222326086994,True,True
260,2479,0.0003805175038051,0.1997716894977169,0.4585235920852359,0.1411719939117199,1300000.0,ondemanddeliverylogistics,unknown,newdelhi,privateequity,1300000.0,4639616.706823551,15.350142530037346,14.077875591662238,True,True
261,1750,0.0121765601217656,0.0003805175038051,0.4585235920852359,0.102359208523592,1000000.0,logistics,logisticssolutions,gurgaon,privateequity,1000000.0,6080548.467807827,15.620605622853663,13.815511557963774,True,True
262,2597,0.0003805175038051,0.1997716894977169,0.4284627092846271,0.1997716894977169,470000.0,onlinefoodtechplatform,unknown,mumbai,seedfunding,470000.0,368608.0431572448,12.817491857713016,13.060490101343552,True,True
263,439,0.1818873668188736,0.0003805175038051,0.4585235920852359,0.0323439878234398,5000000.0,technology,mobilenewscurationapp,noida,privateequity,5000000.0,3746184.18864361,15.136248597134658,15.424948670398354,True,True
264,2413,0.0003805175038051,0.1997716894977169,0.4585235920852359,0.102359208523592,9000000.0,hyperlocaldeliveryservices,unknown,gurgaon,privateequity,9000000.0,4842031.854230991,15.392845201717549,16.012735246411598,True,True
265,949,0.1818873668188736,0.0003805175038051,0.4284627092846271,0.0334855403348554,1100000.0,technology,intelligentsalesprospectingplatform,chennai,seedfunding,1100000.0,308851.6249326195,12.640619500141254,13.910821646859096,True,True
266,1152,0.3569254185692542,0.0003805175038051,0.4284627092846271,0.0049467275494672,297000.0,consumerinternet,onlineshare&commoditybrokingplatform,indore,seedfunding,297000.0,422717.92455779016,12.954462756212251,12.601490784782536,True,True
267,2857,0.0003805175038051,0.1997716894977169,0.4585235920852359,0.1997716894977169,12000000.0,onlineinsuranceaggregator,unknown,mumbai,privateequity,12000000.0,4227763.541238878,15.257183934080649,16.300417291085605,True,True
268,2636,0.0003805175038051,0.1997716894977169,0.4585235920852359,0.3002283105022831,12500000.0,travelinformationportal,unknown,bangalore,privateequity,12500000.0,5787616.634954608,15.571231302864163,16.341239282272525,True,True
269,248,0.3569254185692542,0.0007610350076103,0.4585235920852359,0.0190258751902587,12500000.0,consumerinternet,onlineinsurancesellingplatform,gurugram,privateequity,12500000.0,4224879.736164659,15.256501590248282,16.341239282272525,True,True
270,66,0.002283105022831,0.0003805175038051,0.0026636225266362,0.1411719939117199,500000.0,foodandbeverage,digitalvendingmachine,newdelhi,seedround,500000.0,1346860.104547772,14.113287335411952,13.122365377402328,True,True
271,2652,0.0003805175038051,0.1997716894977169,0.4284627092846271,0.1411719939117199,2400000.0,medicaltechinstruments,unknown,newdelhi,seedfunding,2400000.0,314866.1952260848,12.659906226451591,14.690979711984754,True,True
272,61,0.0235920852359208,0.0003805175038051,0.0076103500761035,0.102359208523592,12500000.0,finance,autoinsurance,gurgaon,seriesb,12500000.0,10679013.062405132,16.183791070980714,16.341239282272525,True,True
273,1940,0.1818873668188736,0.0003805175038051,0.4284627092846271,0.0403348554033485,150000.0,technology,medicineintakeremindersystem,pune,seedfunding,150000.0,245578.46571543935,12.411375863109235,11.918397239722838,True,True
274,1154,0.1818873668188736,0.0003805175038051,0.4585235920852359,0.1997716894977169,10000000.0,technology,dronemanufacturing,mumbai,privateequity,10000000.0,3864447.0403260384,15.167329420057907,16.118095750958314,True,True
275,1885,0.3569254185692542,0.0003805175038051,0.4284627092846271,0.0357686453576864,360000.0,consumerinternet,onlinecreditmanagementtools,hyderabad,seedfunding,360000.0,340125.97460600326,12.737074281599025,12.793862088206213,True,True
276,1766,0.3569254185692542,0.0003805175038051,0.4284627092846271,0.1411719939117199,1000000.0,consumerinternet,onlinelegalservicesforstartups,newdelhi,seedfunding,1000000.0,221967.74857927996,12.31029187877968,13.815511557963774,True,True
277,2008,0.0083713850837138,0.0003805175038051,0.4585235920852359,0.1411719939117199,6000000.0,food&beverage,craftbeermanufacturingcompany,newdelhi,privateequity,6000000.0,4470546.472873385,15.31302143624292,15.607270193858982,True,True
278,2324,0.0003805175038051,0.1997716894977169,0.4284627092846271,0.0357686453576864,190000.0,ridesharingplatform,unknown,hyderabad,seedfunding,190000.0,407003.6357714562,12.916579854461723,12.154784614286667,True,True
279,1462,0.0277777777777777,0.0003805175038051,0.4585235920852359,0.1997716894977169,12500000.0,healthcare,"organic,naturalfoodsubstitutemanufacturer",mumbai,privateequity,12500000.0,3834307.556979049,15.159499678478054,16.341239282272525,True,True
280,2356,0.0007610350076103,0.1997716894977169,0.4585235920852359,0.102359208523592,1000000.0,onlinefoodordering&deliveryservice,unknown,gurgaon,privateequity,1000000.0,4842031.854230991,15.392845201717549,13.815511557963774,True,True
281,2098,0.3569254185692542,0.0003805175038051,0.4284627092846271,0.0003805175038051,160000.0,consumerinternet,onlinefitness&educationalinformationaggregator,jodhpur,seedfunding,160000.0,137956.8708038156,11.834703633500364,11.982935344196433,True,True
282,2577,0.0007610350076103,0.1997716894977169,0.4284627092846271,0.102359208523592,161000.0,internetofthingsplatform,unknown,gurgaon,seedfunding,161000.0,303777.92114576325,12.624055482752969,11.989165855127435,True,True
283,2219,0.0003805175038051,0.1997716894977169,0.4585235920852359,0.102359208523592,12500000.0,premiumdininglounges&restaurants,unknown,gurgaon,privateequity,12500000.0,4842031.854230991,15.392845201717549,16.341239282272525,True,True
284,507,0.0277777777777777,0.0003805175038051,0.4585235920852359,0.3002283105022831,12500000.0,healthcare,healthcarefacilitiesatdoorstep,bangalore,privateequity,12500000.0,4908192.696213047,15.406416549440282,16.341239282272525,True,True
285,41,0.0003805175038051,0.0003805175038051,0.0091324200913242,0.1997716894977169,10000000.0,consumertechnology,"consumerelectronics,homeappliances",mumbai,seriesa,10000000.0,4108701.3692865446,15.228617811386297,16.118095750958314,True,True
286,2458,0.0003805175038051,0.1997716894977169,0.4585235920852359,0.3002283105022831,12500000.0,cabbookingappplatform,unknown,bangalore,privateequity,12500000.0,5787616.634954608,15.571231302864163,16.341239282272525,True,True
287,1288,0.3569254185692542,0.0003805175038051,0.4284627092846271,0.102359208523592,500000.0,consumerinternet,brandedcampinglocationaggregator,gurgaon,seedfunding,500000.0,238894.62564198783,12.383782022731811,13.122365377402328,True,True
288,2664,0.0003805175038051,0.1997716894977169,0.4585235920852359,0.0403348554033485,2000000.0,hasbrotoymanufacturer,unknown,pune,privateequity,2000000.0,4885784.823076915,15.40184069502057,14.508658238524095,True,True
289,314,0.0235920852359208,0.0003805175038051,0.0494672754946727,0.102359208523592,978000.0,finance,b2conlineloansmarketplace,gurgaon,seed/angelfunding,978000.0,676538.9511652917,13.424746780525968,13.79326597151132,True,True
290,2672,0.0003805175038051,0.1997716894977169,0.4585235920852359,0.1997716894977169,1000000.0,onlinefashionvideoportal,unknown,mumbai,privateequity,1000000.0,4227763.541238878,15.257183934080649,13.815511557963774,True,True
291,970,0.3569254185692542,0.0003805175038051,0.4284627092846271,0.3002283105022831,191000.0,consumerinternet,techenabledsocialenterprise,bangalore,seedfunding,191000.0,388657.6535537877,12.870456740083428,12.160033942617156,True,True
292,1326,0.1818873668188736,0.0003805175038051,0.4284627092846271,0.102359208523592,100000.0,technology,androidutilityappsuitecreator,gurgaon,seedfunding,100000.0,224357.32577074287,12.320999721349567,11.51293546492023,True,True
293,2595,0.0003805175038051,0.1997716894977169,0.4284627092846271,0.0015220700152207,20000.0,couponaggregatorplatform,unknown,kanpur,seedfunding,20000.0,639329.4834919954,13.368176788227135,9.90353755128617,True,True
294,442,0.1818873668188736,0.0003805175038051,0.0494672754946727,0.3002283105022831,50000.0,technology,assistingvisuallyimpairedtolearnthroughbraille,bangalore,seed/angelfunding,50000.0,552317.9696763435,13.22188100198846,10.819798284210286,True,True
295,1556,0.3569254185692542,0.0003805175038051,0.4585235920852359,0.01103500761035,1000000.0,consumerinternet,onlinetaxfilingportal,jaipur,privateequity,1000000.0,2941462.773476852,14.894417897547662,13.815511557963774,True,True
296,981,0.3569254185692542,0.0003805175038051,0.4284627092846271,0.1997716894977169,325000.0,consumerinternet,vacationtripplanningplatform,mumbai,seedfunding,325000.0,305152.3305704844,12.6285696524485,12.691583538230216,True,True
297,183,0.3569254185692542,0.0003805175038051,0.4585235920852359,0.0190258751902587,12500000.0,consumerinternet,onlineindiancarrentalplatform,gurugram,privateequity,12500000.0,4191027.465400784,15.248456718914872,16.341239282272525,True,True
298,938,0.1137747336377473,0.0015220700152207,0.4585235920852359,0.3002283105022831,12500000.0,ecommerce,ecommercemarketplace,bangalore,privateequity,12500000.0,5488552.3690034,15.51817527584895,16.341239282272525,True,True
299,2763,0.0019025875190258,0.1997716894977169,0.4585235920852359,0.3002283105022831,12500000.0,onlinefooddelivery,unknown,bangalore,privateequity,12500000.0,8447879.323370285,15.949426118560115,16.341239282272525,True,True
300,2816,0.0003805175038051,0.1997716894977169,0.4284627092846271,0.1411719939117199,2200000.0,travelentertainment,unknown,newdelhi,seedfunding,2200000.0,314866.1952260848,12.659906226451591,14.603968372873895,True,True
301,2018,0.0277777777777777,0.0003805175038051,0.4284627092846271,0.0403348554033485,150000.0,healthcare,medicaltourismplatform,pune,seedfunding,150000.0,296609.1138106388,12.600173807263872,11.918397239722838,True,True
302,1510,0.3569254185692542,0.0003805175038051,0.4585235920852359,0.102359208523592,1000000.0,consumerinternet,videobaseddoctorconsultingplatformapp,gurgaon,privateequity,1000000.0,5049678.8579976,15.434835404786108,13.815511557963774,True,True
303,1032,0.1137747336377473,0.0019025875190258,0.4585235920852359,0.3002283105022831,12500000.0,ecommerce,onlinemarketplace,bangalore,privateequity,12500000.0,5427720.213137275,15.50702993773676,16.341239282272525,True,True
304,1552,0.1818873668188736,0.0003805175038051,0.4585235920852359,0.1411719939117199,10000000.0,technology,cloudbasedenterprisesolutions,newdelhi,privateequity,10000000.0,3412496.550527656,15.042955000681,16.118095750958314,True,True
305,2833,0.0003805175038051,0.1997716894977169,0.4284627092846271,0.3002283105022831,1250000.0,onlinekitchenfurniture,unknown,bangalore,seedfunding,1250000.0,520682.9585600806,13.162898531225078,14.038654909278163,True,True
306,2075,0.3569254185692542,0.0007610350076103,0.4585235920852359,0.1997716894977169,12500000.0,consumerinternet,onlinerealestateportal,mumbai,privateequity,12500000.0,4282227.590662008,15.26998413079423,16.341239282272525,True,True
307,51,0.0003805175038051,0.0003805175038051,0.0053272450532724,0.0003805175038051,12500000.0,customerserviceplatform,conversationalai,paloalto,seriesc,12500000.0,14641180.88201291,16.499348792884668,16.341239282272525,True,True
308,316,0.3569254185692542,0.0003805175038051,0.4585235920852359,0.0323439878234398,3000000.0,consumerinternet,onlinescholarshipportal,noida,privateequity,3000000.0,4369918.962503391,15.290255251687432,14.914123179965662,True,True
309,2111,0.0003805175038051,0.1997716894977169,0.4585235920852359,0.1997716894977169,5600000.0,transportation&logisticsplatform,unknown,mumbai,privateequity,5600000.0,4227763.541238878,15.257183934080649,15.53827733427679,True,True
310,409,0.3569254185692542,0.0007610350076103,0.4585235920852359,0.3002283105022831,2500000.0,consumerinternet,foodandbeverages,bangalore,privateequity,2500000.0,4829686.151293412,15.390292251542018,14.731801689838347,True,True
311,1578,0.1818873668188736,0.0003805175038051,0.4585235920852359,0.1997716894977169,1000000.0,technology,creditscoringplatform,mumbai,privateequity,1000000.0,3864447.0403260384,15.167329420057907,13.815511557963774,True,True
312,764,0.1818873668188736,0.0003805175038051,0.4284627092846271,0.0357686453576864,215000.0,technology,artificialintelligencebasedplatform,hyderabad,seedfunding,215000.0,313149.44048593653,12.654438994581778,12.278397958261774,True,True
313,2002,0.1137747336377473,0.0003805175038051,0.4585235920852359,0.1997716894977169,12500000.0,ecommerce,baby&kidsproductsonlineflashsalesplatform,mumbai,privateequity,12500000.0,3615760.6808838393,15.100813091487032,16.341239282272525,True,True
314,2051,0.3569254185692542,0.0003805175038051,0.4284627092846271,0.102359208523592,200000.0,consumerinternet,fitnessrelatedsocialnetworkingapp&forum,gurgaon,seedfunding,200000.0,238894.62564198783,12.383782022731811,12.206077645517674,True,True
315,2269,0.0003805175038051,0.1997716894977169,0.4284627092846271,0.1997716894977169,1500000.0,mobileappbasedloandisbursementplatform,unknown,mumbai,seedfunding,1500000.0,368608.0431572448,12.817491857713016,14.220976332738882,True,True
316,1720,0.3569254185692542,0.0003805175038051,0.4284627092846271,0.0323439878234398,300000.0,consumerinternet,onlinepeertopeerfunding,noida,seedfunding,300000.0,274623.2990794945,12.523159257401431,12.611541086966117,True,True
317,216,0.3569254185692542,0.0003805175038051,0.0494672754946727,0.3002283105022831,1250000.0,consumerinternet,mobilefirstvideobloggingapp,bangalore,seed/angelfunding,1250000.0,963930.1817063332,13.77877518277298,14.038654909278163,True,True
318,1446,0.3569254185692542,0.0003805175038051,0.4585235920852359,0.1411719939117199,12500000.0,consumerinternet,budgethotelsaggregator,newdelhi,privateequity,12500000.0,4129568.029008727,15.23368360816263,16.341239282272525,True,True
319,1658,0.3569254185692542,0.0003805175038051,0.4284627092846271,0.3002283105022831,220000.0,consumerinternet,studentfocussedcontentdiscoveryportal,bangalore,seedfunding,220000.0,388657.6535537877,12.870456740083428,12.301387370778713,True,True
320,2806,0.0003805175038051,0.1997716894977169,0.4284627092846271,0.3002283105022831,240000.0,lastmilelogistics,unknown,bangalore,seedfunding,240000.0,520682.9585600806,13.162898531225078,12.388398368982116,True,True
321,273,0.3569254185692542,0.0015220700152207,0.0494672754946727,0.1997716894977169,12000000.0,consumerinternet,onlineinsuranceplatform,mumbai,seed/angelfunding,12000000.0,1023082.9622163492,13.83833211606862,16.300417291085605,True,True
322,2403,0.0003805175038051,0.1997716894977169,0.4585235920852359,0.102359208523592,770000.0,multilingualtestpreparationplatform,unknown,gurgaon,privateequity,770000.0,4842031.854230991,15.392845201717549,13.554147092530322,True,True
323,2623,0.0003805175038051,0.1997716894977169,0.4585235920852359,0.1997716894977169,1600000.0,f&bsectormobilepaymentplatform,unknown,mumbai,privateequity,1600000.0,4227763.541238878,15.257183934080649,14.285514812209817,True,True
324,786,0.1137747336377473,0.0003805175038051,0.4585235920852359,0.102359208523592,10000000.0,ecommerce,buyingportalforsmes,gurgaon,privateequity,10000000.0,3910929.645397477,15.17928592036576,16.118095750958314,True,True
325,1262,0.1818873668188736,0.0003805175038051,0.4585235920852359,0.0334855403348554,2000000.0,technology,speechrecognitionsolutions,chennai,privateequity,2000000.0,4490572.683236457,15.31749102065164,14.508658238524095,True,True
326,2112,0.0003805175038051,0.1997716894977169,0.4284627092846271,0.1411719939117199,500000.0,enterprisemarketingautomationplatform,unknown,newdelhi,seedfunding,500000.0,314866.1952260848,12.659906226451591,13.122365377402328,True,True
327,1907,0.3569254185692542,0.0003805175038051,0.4284627092846271,0.3002283105022831,22500.0,consumerinternet,mobileemailproductivitytool,bangalore,seedfunding,22500.0,388657.6535537877,12.870456740083428,10.021315031649332,True,True
328,96,0.1137747336377473,0.0007610350076103,0.0076103500761035,0.3002283105022831,11500000.0,ecommerce,retail,bangalore,seriesb,11500000.0,9435166.208372729,16.059954458765827,16.257857680289998,True,True
329,1890,0.3569254185692542,0.0003805175038051,0.4585235920852359,0.0357686453576864,330000.0,consumerinternet,healthcarerelatedsolutions,hyderabad,privateequity,330000.0,5491449.061858565,15.518702906453186,12.706850963741102,True,True
330,285,0.0072298325722983,0.0019025875190258,0.0494672754946727,0.0357686453576864,150000.0,edtech,onlineeducationplatform,hyderabad,seed/angelfunding,150000.0,890198.8801291278,13.699201300907768,11.918397239722838,True,True
331,942,0.3569254185692542,0.0003805175038051,0.4585235920852359,0.1997716894977169,1790000.0,consumerinternet,gadgetinsurance&repairservicesplatform,mumbai,privateequity,1790000.0,4676487.321310677,15.358058027539538,14.397726736476,True,True
332,2257,0.0007610350076103,0.1997716894977169,0.4284627092846271,0.3002283105022831,305000.0,healthtechplatform,unknown,bangalore,seedfunding,305000.0,520682.9585600806,13.162898531225078,12.628070334272698,True,True
333,1866,0.3569254185692542,0.0003805175038051,0.4284627092846271,0.102359208523592,250000.0,consumerinternet,personalizedfashionapp,gurgaon,seedfunding,250000.0,238894.62564198783,12.383782022731811,12.429220196836384,True,True
334,1484,0.3569254185692542,0.0003805175038051,0.4284627092846271,0.1997716894977169,550000.0,consumerinternet,"ondemand,hyperlocalcleaningservicesprovider",mumbai,seedfunding,550000.0,305152.3305704844,12.6285696524485,13.21767537538882,True,True
335,1675,0.1818873668188736,0.0003805175038051,0.4284627092846271,0.0403348554033485,200000.0,technology,telecom&mediaitservicescompany,pune,seedfunding,200000.0,245578.46571543935,12.411375863109235,12.206077645517674,True,True
336,1487,0.3569254185692542,0.0003805175038051,0.4585235920852359,0.3002283105022831,7000000.0,consumerinternet,hyperlocallogisticsservicesprovider,bangalore,privateequity,7000000.0,4664789.236367078,15.35555342584362,15.76142084987672,True,True
337,947,0.3569254185692542,0.0003805175038051,0.4585235920852359,0.3002283105022831,3650000.0,consumerinternet,intracitylogisticsprovider,bangalore,privateequity,3650000.0,4664789.236367078,15.35555342584362,15.11023799953124,True,True
338,2633,0.0003805175038051,0.1997716894977169,0.4284627092846271,0.0136986301369863,320000.0,onlinegrocers,unknown,ahmedabad,seedfunding,320000.0,358487.2912943926,12.789651278221768,12.676079399771028,True,True
339,1525,0.1818873668188736,0.0003805175038051,0.4585235920852359,0.102359208523592,12250000.0,technology,saasbasedserviceagreementmanagement,gurgaon,privateequity,12250000.0,4212118.421932509,15.253476504619568,16.32103657658766,True,True
340,882,0.0121765601217656,0.0003805175038051,0.4585235920852359,0.1997716894977169,4500000.0,logistics,thirdpartylogisticsprovider,mumbai,privateequity,4500000.0,5532555.598375388,15.52616058101776,15.319588176962746,True,True
341,560,0.0083713850837138,0.0003805175038051,0.4284627092846271,0.1997716894977169,500000.0,food&beverage,herbalenergyshotmaker,mumbai,seedfunding,500000.0,389681.535827204,12.87308767591974,13.122365377402328,True,True
342,670,0.3569254185692542,0.0007610350076103,0.4284627092846271,0.3002283105022831,125000.0,consumerinternet,onlinedoctordiscoveryplatform,bangalore,seedfunding,125000.0,450168.5687664339,13.017379610248836,11.736077016252436,True,True
343,2593,0.0011415525114155,0.1997716894977169,0.4585235920852359,0.1997716894977169,11000000.0,bigdata&analyticsplatform,unknown,mumbai,privateequity,11000000.0,4379444.742209111,15.292432731470772,16.213405921671733,True,True
344,826,0.3569254185692542,0.0003805175038051,0.4284627092846271,0.0334855403348554,250000.0,consumerinternet,hyperlocaldeliveryandlogisticsmobileapp,chennai,seedfunding,250000.0,335457.92113210127,12.7232547871585,12.429220196836384,True,True
345,1576,0.1818873668188736,0.0003805175038051,0.4284627092846271,0.3002283105022831,100000.0,technology,postmergerintegrationpartners,bangalore,seedfunding,100000.0,369353.2753452152,12.819511558211984,11.51293546492023,True,True
346,2729,0.0003805175038051,0.1997716894977169,0.4585235920852359,0.1411719939117199,1600000.0,mobilechatbasedconciergeservice,unknown,newdelhi,privateequity,1600000.0,4639616.706823551,15.350142530037346,14.285514812209817,True,True
347,2469,0.0003805175038051,0.1997716894977169,0.4284627092846271,0.3002283105022831,1000000.0,digitalsignalprocessingplatform,unknown,bangalore,seedfunding,1000000.0,520682.9585600806,13.162898531225078,13.815511557963774,True,True
348,2501,0.1137747336377473,0.1997716894977169,0.4284627092846271,0.1411719939117199,80000.0,ecommerce,unknown,newdelhi,seedfunding,80000.0,357806.8904588427,12.787751502521376,11.289794413577894,True,True
349,1649,0.3569254185692542,0.0003805175038051,0.4585235920852359,0.0136986301369863,12500000.0,consumerinternet,onlineworkingcapitalbusinessloansplatform,ahmedabad,privateequity,12500000.0,2979521.8925338886,14.907273742487158,16.341239282272525,True,True
350,2453,0.0003805175038051,0.1997716894977169,0.4284627092846271,0.0323439878234398,400000.0,employeeonboarding&orientationplatform,unknown,noida,seedfunding,400000.0,370204.8138921071,12.821814383731082,12.899222326086994,True,True
351,2675,0.0003805175038051,0.1997716894977169,0.4585235920852359,0.0403348554033485,12500000.0,bigdata&analyticsservices,unknown,pune,privateequity,12500000.0,4885784.823076915,15.40184069502057,16.341239282272525,True,True
352,1041,0.3569254185692542,0.0003805175038051,0.4585235920852359,0.1411719939117199,1000000.0,consumerinternet,liveonlinecoachingclasses,newdelhi,privateequity,1000000.0,4129568.029008727,15.23368360816263,13.815511557963774,True,True
353,1225,0.1818873668188736,0.0003805175038051,0.4284627092846271,0.102359208523592,650000.0,technology,cashflowmanagementsolutionforbusinesses,gurgaon,seedfunding,650000.0,224357.32577074287,12.320999721349567,13.384729180332174,True,True
354,449,0.1818873668188736,0.0003805175038051,0.4585235920852359,0.1997716894977169,12500000.0,technology,mobilegamesdevelopmentfirm,mumbai,privateequity,12500000.0,3864447.0403260384,15.167329420057907,16.341239282272525,True,True
355,31,0.0060882800608828,0.0007610350076103,0.0003805175038051,0.0323439878234398,12500000.0,fintech,mobilewallet,noida,fundinground,12500000.0,5835575.133710431,15.579483556396758,16.341239282272525,True,True
356,1096,0.3569254185692542,0.0003805175038051,0.4585235920852359,0.0357686453576864,10000000.0,consumerinternet,platformtotakebusinessesonline,hyderabad,privateequity,10000000.0,5491449.061858565,15.518702906453186,16.118095750958314,True,True
357,1813,0.3569254185692542,0.0003805175038051,0.4284627092846271,0.1411719939117199,450000.0,consumerinternet,mobilebasedchildrenhealthinformationapp,newdelhi,seedfunding,450000.0,221967.74857927996,12.31029187877968,13.017005083966255,True,True
358,2220,0.0003805175038051,0.1997716894977169,0.4284627092846271,0.0357686453576864,500000.0,mobilegrowthhackingplatform,unknown,hyderabad,seedfunding,500000.0,407003.6357714562,12.916579854461723,13.122365377402328,True,True
359,1318,0.3569254185692542,0.0003805175038051,0.4284627092846271,0.1997716894977169,300000.0,consumerinternet,hyperlocalcommunicationmobileapp,mumbai,seedfunding,300000.0,305152.3305704844,12.6285696524485,12.611541086966117,True,True
360,281,0.1818873668188736,0.0003805175038051,0.0494672754946727,0.0015220700152207,307600.0,technology,socialmediaanlayticsplatform,coimbatore,seed/angelfunding,307600.0,338377.3458649283,12.731919914905925,12.636558767583637,True,True
361,714,0.3569254185692542,0.0003805175038051,0.4585235920852359,0.1411719939117199,12500000.0,consumerinternet,budgethotelsbrand&aggregatorplatform,newdelhi,privateequity,12500000.0,4129568.029008727,15.23368360816263,16.341239282272525,True,True
362,1905,0.1818873668188736,0.0003805175038051,0.4585235920852359,0.0403348554033485,4000000.0,technology,iot&m2msolutions,pune,privateequity,4000000.0,4416185.542396807,15.300787108437463,15.201805169084134,True,True
363,1143,0.0083713850837138,0.0003805175038051,0.4284627092846271,0.1411719939117199,2000000.0,food&beverage,coldpressjuicemanufacturer&seller,newdelhi,seedfunding,2000000.0,322656.4036022738,12.684346369334332,14.508658238524095,True,True
364,2162,0.0003805175038051,0.1997716894977169,0.4284627092846271,0.3002283105022831,1000000.0,visualsearchanddiscoveryplatform,unknown,bangalore,seedfunding,1000000.0,520682.9585600806,13.162898531225078,13.815511557963774,True,True
365,26,0.0007610350076103,0.0003805175038051,0.0015220700152207,0.0003805175038051,300000.0,lastmiletransportation,electricbikerental,amritsar,seed,300000.0,6698334.477091661,15.71736961724082,12.611541086966117,True,True
366,1220,0.3569254185692542,0.0003805175038051,0.4284627092846271,0.1997716894977169,147000.0,consumerinternet,productphotographymobileapp,mumbai,seedfunding,147000.0,305152.3305704844,12.6285696524485,11.898194668458824,True,True
367,1006,0.1137747336377473,0.0003805175038051,0.4585235920852359,0.3002283105022831,6000000.0,ecommerce,womenapparel&lifestyleetailer,bangalore,privateequity,6000000.0,4671941.609480367,15.357085519485036,15.607270193858982,True,True
368,2610,0.0003805175038051,0.1997716894977169,0.4585235920852359,0.1411719939117199,10000000.0,casualdiningrestaurantchain,unknown,newdelhi,privateequity,10000000.0,4639616.706823551,15.350142530037346,16.118095750958314,True,True
369,42,0.002283105022831,0.0003805175038051,0.0053272450532724,0.0003805175038051,12500000.0,healthandwellness,wearablefitnessbands,menlopark,seriesc,12500000.0,13098779.55459367,16.388029696402878,16.341239282272525,True,True
370,835,0.3569254185692542,0.0003805175038051,0.4284627092846271,0.1997716894977169,500000.0,consumerinternet,"cashless,paperlesssolutionsforhousingsocieties",mumbai,seedfunding,500000.0,305152.3305704844,12.6285696524485,13.122365377402328,True,True
371,2443,0.0003805175038051,0.1997716894977169,0.4585235920852359,0.3002283105022831,800000.0,"virtualreality,3dsimulationandstereoscopicproducts",unknown,bangalore,privateequity,800000.0,5787616.634954608,15.571231302864163,13.592368256649284,True,True
372,2813,0.0003805175038051,0.1997716894977169,0.4284627092846271,0.1411719939117199,120000.0,videostreaming,unknown,newdelhi,seedfunding,120000.0,314866.1952260848,12.659906226451591,11.695255355062796,True,True
373,444,0.1818873668188736,0.0003805175038051,0.4585235920852359,0.0129375951293759,1800000.0,technology,hotelaggregatorplatform,delhi,privateequity,1800000.0,2484038.1082926528,14.725396465990736,14.403297778421797,True,True
374,400,0.1818873668188736,0.0003805175038051,0.4585235920852359,0.0007610350076103,12500000.0,technology,medicaldevices,surat,privateequity,12500000.0,1448586.169390716,14.186099273456254,16.341239282272525,True,True
375,2707,0.0003805175038051,0.1997716894977169,0.4284627092846271,0.3002283105022831,500000.0,intracitylogisticsservice,unknown,bangalore,seedfunding,500000.0,520682.9585600806,13.162898531225078,13.122365377402328,True,True
376,2500,0.0003805175038051,0.1997716894977169,0.4585235920852359,0.102359208523592,500000.0,taxirentalplatform,unknown,gurgaon,privateequity,500000.0,4842031.854230991,15.392845201717549,13.122365377402328,True,True
377,35,0.0060882800608828,0.0007610350076103,0.0003805175038051,0.0403348554033485,4500000.0,fintech,financialservices,pune,maidenround,4500000.0,6254334.286055489,15.648785427020426,15.319588176962746,True,True
378,960,0.3569254185692542,0.0003805175038051,0.4284627092846271,0.0068493150684931,100000.0,consumerinternet,ondemandhomeservicesprovider,kolkata,seedfunding,100000.0,252340.82827454116,12.438539908737807,11.51293546492023,True,True
379,2093,0.1818873668188736,0.0003805175038051,0.4284627092846271,0.0357686453576864,1000000.0,technology,dataintelligence&analytics,hyderabad,seedfunding,1000000.0,313149.44048593653,12.654438994581778,13.815511557963774,True,True
380,1113,0.1137747336377473,0.0003805175038051,0.4585235920852359,0.1411719939117199,2000000.0,ecommerce,onlinepetproductsstore,newdelhi,privateequity,2000000.0,3192894.27263688,14.976438672110124,14.508658238524095,True,True
381,1914,0.3569254185692542,0.0003805175038051,0.4284627092846271,0.3002283105022831,30000.0,consumerinternet,bookrecommendationservice,bangalore,seedfunding,30000.0,388657.6535537877,12.870456740083428,10.308985993422082,True,True
382,396,0.0003805175038051,0.0003805175038051,0.0494672754946727,0.1997716894977169,2500000.0,entertainment,digitalentertainmentforchildren,mumbai,seed/angelfunding,2500000.0,497108.3434733026,13.116565287869314,14.731801689838347,True,True
383,123,0.0007610350076103,0.0007610350076103,0.4284627092846271,0.0007610350076103,143000.0,onlinemarketplace,ecommerce,nagpur,seedfunding,143000.0,411249.55046931776,12.92695791958804,11.870606902224589,True,True
384,1950,0.1137747336377473,0.0003805175038051,0.4585235920852359,0.1411719939117199,12500000.0,ecommerce,horizontalonlinemarketplace,newdelhi,privateequity,12500000.0,3192894.27263688,14.976438672110124,16.341239282272525,True,True
385,2330,0.0003805175038051,0.1997716894977169,0.4284627092846271,0.1411719939117199,1000000.0,mobileonlyshoppingassistant,unknown,newdelhi,seedfunding,1000000.0,314866.1952260848,12.659906226451591,13.815511557963774,True,True
386,1428,0.002283105022831,0.0003805175038051,0.4284627092846271,0.1997716894977169,40000.0,others,indoorskydivingsportsprovider,mumbai,seedfunding,40000.0,484270.4225152416,13.090400818835386,10.59665973278358,True,True
387,1371,0.3569254185692542,0.0003805175038051,0.4284627092846271,0.3002283105022831,150000.0,consumerinternet,jobs&skillvalidationplatform,bangalore,seedfunding,150000.0,388657.6535537877,12.870456740083428,11.918397239722838,True,True
388,2601,0.0003805175038051,0.1997716894977169,0.4585235920852359,0.3002283105022831,11000000.0,selfdrivenvehiclerental,unknown,bangalore,privateequity,11000000.0,5787616.634954608,15.571231302864163,16.213405921671733,True,True
389,432,0.1818873668188736,0.0007610350076103,0.0494672754946727,0.102359208523592,500000.0,technology,bicyclesharingplatform,gurgaon,seed/angelfunding,500000.0,453761.4748853836,13.025329157043624,13.122365377402328,True,True
390,1180,0.0121765601217656,0.0003805175038051,0.4585235920852359,0.102359208523592,10000000.0,logistics,ondemanddeliveryservice,gurgaon,privateequity,10000000.0,6080548.467807827,15.620605622853663,16.118095750958314,True,True
391,1404,0.3569254185692542,0.0003805175038051,0.4284627092846271,0.0357686453576864,1000000.0,consumerinternet,virtualhealthclinicforwomen,hyderabad,seedfunding,1000000.0,340125.97460600326,12.737074281599025,13.815511557963774,True,True
392,2377,0.0003805175038051,0.1997716894977169,0.4585235920852359,0.1997716894977169,7500000.0,fooddiscovery&deliverymobileapp,unknown,mumbai,privateequity,7500000.0,4227763.541238878,15.257183934080649,15.830413711839864,True,True
393,1858,0.1818873668188736,0.0003805175038051,0.4585235920852359,0.0403348554033485,12500000.0,technology,contractmanagementsoftwaresolutionsplatform,pune,privateequity,12500000.0,4416185.542396807,15.300787108437463,16.341239282272525,True,True
394,388,0.1818873668188736,0.0003805175038051,0.4585235920852359,0.0190258751902587,12500000.0,technology,onlinemusicstreaming,gurugram,privateequity,12500000.0,3592826.533910696,15.094450064362098,16.341239282272525,True,True
395,423,0.1818873668188736,0.0003805175038051,0.4585235920852359,0.1997716894977169,12500000.0,technology,browsertesting,mumbai,privateequity,12500000.0,3864447.0403260384,15.167329420057907,16.341239282272525,True,True
396,1388,0.3569254185692542,0.0007610350076103,0.4284627092846271,0.1411719939117199,350000.0,consumerinternet,mobilebasedsocialnetworkingplatform,newdelhi,seedfunding,350000.0,239828.66136857332,12.387684206038797,12.765691290604371,True,True
397,1830,0.1137747336377473,0.0003805175038051,0.4585235920852359,0.0334855403348554,1000000.0,ecommerce,officeproductssuperstore,chennai,privateequity,1000000.0,4169472.956920085,15.243300436397831,13.815511557963774,True,True
398,583,0.1137747336377473,0.0003805175038051,0.4585235920852359,0.102359208523592,12500000.0,ecommerce,buyingclubforsmallbusinesses,gurgaon,privateequity,12500000.0,3910929.645397477,15.17928592036576,16.341239282272525,True,True
399,1237,0.3569254185692542,0.0003805175038051,0.4585235920852359,0.1997716894977169,4000000.0,consumerinternet,locallanguagesocialnetworkingplatform,mumbai,privateequity,4000000.0,4676487.321310677,15.358058027539538,15.201805169084134,True,True
400,1281,0.1137747336377473,0.0007610350076103,0.4585235920852359,0.3002283105022831,1050000.0,ecommerce,usedfurniture&appliancesmarketplace,bangalore,privateequity,1050000.0,4837091.355552589,15.391824345183434,13.864301674514206,True,True
401,1581,0.1818873668188736,0.0003805175038051,0.4284627092846271,0.1997716894977169,200000.0,technology,techenabledfashiontalentplatform,mumbai,seedfunding,200000.0,279713.1884610722,12.54152360532953,12.206077645517674,True,True
402,1809,0.1137747336377473,0.0003805175038051,0.4585235920852359,0.102359208523592,12500000.0,ecommerce,socialfashionecommercediscoveryplatform,gurgaon,privateequity,12500000.0,3910929.645397477,15.17928592036576,16.341239282272525,True,True
403,2450,0.0003805175038051,0.1997716894977169,0.4585235920852359,0.1411719939117199,2250000.0,digital&physicalpublishingplatform,unknown,newdelhi,privateequity,2250000.0,4639616.706823551,15.350142530037346,14.626441218624947,True,True
404,1441,0.1818873668188736,0.0003805175038051,0.4585235920852359,0.0323439878234398,12500000.0,technology,integratedenterpriseanalyticsplatform,noida,privateequity,12500000.0,3746184.18864361,15.136248597134658,16.341239282272525,True,True
405,2566,0.0003805175038051,0.1997716894977169,0.4585235920852359,0.3002283105022831,4000000.0,languagelocalizationcloudplatform,unknown,bangalore,privateequity,4000000.0,5787616.634954608,15.571231302864163,15.201805169084134,True,True
406,1642,0.002283105022831,0.0003805175038051,0.4284627092846271,0.1411719939117199,148000.0,others,freedoorstepscrappickupservice,newdelhi,seedfunding,148000.0,400976.0658463247,12.901659512249978,11.904974309480185,True,True
407,88,0.0011415525114155,0.0003805175038051,0.0091324200913242,0.1997716894977169,3400000.0,services,digitaldocumentation,mumbai,seriesa,3400000.0,3376361.5629664725,15.03230952317526,15.039286283703994,True,True
408,959,0.1137747336377473,0.0003805175038051,0.4585235920852359,0.0357686453576864,3350000.0,ecommerce,techaccessoriesetailer,hyderabad,privateequity,3350000.0,4169472.956920085,15.243300436397831,15.024471202308668,True,True
409,950,0.3569254185692542,0.0003805175038051,0.4284627092846271,0.1997716894977169,120000.0,consumerinternet,subscriptionbasedhomedeliveryplatform,mumbai,seedfunding,120000.0,305152.3305704844,12.6285696524485,11.695255355062796,True,True
410,2315,0.0003805175038051,0.1997716894977169,0.4585235920852359,0.3002283105022831,10000000.0,rentalaccommodationsearchplatform,unknown,bangalore,privateequity,10000000.0,5787616.634954608,15.571231302864163,16.118095750958314,True,True
411,2810,0.0019025875190258,0.1997716894977169,0.4585235920852359,0.3002283105022831,2000000.0,onlinefooddelivery,unknown,bangalore,privateequity,2000000.0,8447879.323370285,15.949426118560115,14.508658238524095,True,True
412,116,0.0011415525114155,0.0019025875190258,0.0053272450532724,0.01103500761035,12500000.0,automobile,onlinemarketplace,jaipur,seriesc,12500000.0,8830223.64964816,15.993691013892768,16.341239282272525,True,True
413,1997,0.3569254185692542,0.0007610350076103,0.4585235920852359,0.3002283105022831,5800000.0,consumerinternet,digitalpaymentssolutions,bangalore,privateequity,5800000.0,4829686.151293412,15.390292251542018,15.573368647930426,True,True
414,2695,0.0003805175038051,0.1997716894977169,0.4585235920852359,0.1411719939117199,5000000.0,privatelabellingerieecommerce,unknown,newdelhi,privateequity,5000000.0,4639616.706823551,15.350142530037346,15.424948670398354,True,True
415,2076,0.1818873668188736,0.0003805175038051,0.4585235920852359,0.3002283105022831,3000000.0,technology,smartphoneosdeveloper,bangalore,privateequity,3000000.0,4040270.306255439,15.211822402696258,14.914123179965662,True,True
416,1450,0.1818873668188736,0.0003805175038051,0.4284627092846271,0.0403348554033485,250000.0,technology,online&mobilelearningforkids,pune,seedfunding,250000.0,245578.46571543935,12.411375863109235,12.429220196836384,True,True
417,334,0.3569254185692542,0.0003805175038051,0.0098934550989345,0.1997716894977169,1310000.0,consumerinternet,readytocookfoodsolution,mumbai,debtfunding,1310000.0,3942038.720971696,15.187208842994036,14.085538458535822,True,True
418,503,0.1818873668188736,0.0003805175038051,0.0494672754946727,0.0357686453576864,329230.0,technology,bikeandtaxipoolingonlineplatform,hyderabad,seed/angelfunding,329230.0,702428.214740668,13.46229991317822,12.704514911030776,True,True
419,1483,0.3569254185692542,0.0003805175038051,0.4585235920852359,0.102359208523592,12500000.0,consumerinternet,digitalwalletplatform,gurgaon,privateequity,12500000.0,5049678.8579976,15.434835404786108,16.341239282272525,True,True
420,53,0.0007610350076103,0.0003805175038051,0.0026636225266362,0.3002283105022831,500000.0,consumergoods,lowcarbfoodfordiabetics,bangalore,seedround,500000.0,2890401.4997612764,14.876906323664793,13.122365377402328,True,True
421,2118,0.0007610350076103,0.1997716894977169,0.4284627092846271,0.1411719939117199,100000.0,onlinefoodordering&deliveryplatform,unknown,newdelhi,seedfunding,100000.0,314866.1952260848,12.659906226451591,11.51293546492023,True,True
422,618,0.1818873668188736,0.0003805175038051,0.4585235920852359,0.3002283105022831,6000000.0,technology,smemarketingmanagementsolution,bangalore,privateequity,6000000.0,4040270.306255439,15.211822402696258,15.607270193858982,True,True
423,1452,0.0121765601217656,0.0003805175038051,0.4284627092846271,0.0049467275494672,375000.0,logistics,onlinelogisticsmarketplace,indore,seedfunding,375000.0,584755.4714842921,13.278950751481023,12.83468397161566,True,True
424,104,0.0072298325722983,0.0015220700152207,0.0003805175038051,0.1997716894977169,6320820.0,edtech,elearning,mumbai,debtandpreferencecapital,6320820.0,4742357.92707975,15.372045233818506,15.6593596627494,True,True
425,706,0.1818873668188736,0.0003805175038051,0.4284627092846271,0.102359208523592,700000.0,technology,onlinepaymentsplatform,gurgaon,seedfunding,700000.0,224357.32577074287,12.320999721349567,13.45883704259595,True,True
426,783,0.1818873668188736,0.0003805175038051,0.4585235920852359,0.3002283105022831,5000000.0,technology,invideodiscoveryplatform,bangalore,privateequity,5000000.0,4040270.306255439,15.211822402696258,15.424948670398354,True,True
427,2737,0.0015220700152207,0.1997716894977169,0.4585235920852359,0.1997716894977169,5500000.0,logisticstech,unknown,mumbai,privateequity,5500000.0,4379444.742209111,15.292432731470772,15.520258832020865,True,True
428,2557,0.0003805175038051,0.1997716894977169,0.4284627092846271,0.102359208523592,500000.0,onlinefoodcommunityplatform,unknown,gurgaon,seedfunding,500000.0,303777.92114576325,12.624055482752969,13.122365377402328,True,True
429,257,0.0235920852359208,0.0079908675799086,0.0494672754946727,0.0334855403348554,450000.0,finance,onlinelendingplatform,chennai,seed/angelfunding,450000.0,1394278.921719656,14.147888654820989,13.017005083966255,True,True
430,433,0.1818873668188736,0.0003805175038051,0.4585235920852359,0.1997716894977169,12500000.0,technology,offgridsolarproductsplatform,mumbai,privateequity,12500000.0,3864447.0403260384,15.167329420057907,16.341239282272525,True,True
431,2514,0.0003805175038051,0.1997716894977169,0.4585235920852359,0.3002283105022831,12500000.0,online&mobilegrocerystore,unknown,bangalore,privateequity,12500000.0,5787616.634954608,15.571231302864163,16.341239282272525,True,True
432,309,0.1818873668188736,0.0003805175038051,0.4585235920852359,0.0129375951293759,5500000.0,technology,womenfocusseddigitalmediaplatform,delhi,privateequity,5500000.0,2484038.1082926528,14.725396465990736,15.520258832020865,True,True
433,628,0.3569254185692542,0.0003805175038051,0.4585235920852359,0.3002283105022831,1000000.0,consumerinternet,carrepairandservicingplatform,bangalore,privateequity,1000000.0,4664789.236367078,15.35555342584362,13.815511557963774,True,True
434,2570,0.0003805175038051,0.1997716894977169,0.4284627092846271,0.0334855403348554,1000000.0,crm/analyticsplatform,unknown,chennai,seedfunding,1000000.0,401417.7236099523,12.9027603600212,13.815511557963774,True,True
435,2040,0.3569254185692542,0.0003805175038051,0.4585235920852359,0.1997716894977169,12500000.0,consumerinternet,autoclassifiedsportal,mumbai,privateequity,12500000.0,4676487.321310677,15.358058027539538,16.341239282272525,True,True
436,2013,0.3569254185692542,0.0003805175038051,0.4585235920852359,0.1997716894977169,5000000.0,consumerinternet,cloudmobilitysolutions,mumbai,privateequity,5000000.0,4676487.321310677,15.358058027539538,15.424948670398354,True,True
437,84,0.0007610350076103,0.0003805175038051,0.4284627092846271,0.3002283105022831,430200.0,digitalmedia,videoplatform,bangalore,seedfunding,430200.0,516400.1208645306,13.154639108487766,12.972007820313298,True,True
438,676,0.1818873668188736,0.0003805175038051,0.4585235920852359,0.3002283105022831,12500000.0,technology,genomicsresearchanddiagnosticssolutions,bangalore,privateequity,12500000.0,4040270.306255439,15.211822402696258,16.341239282272525,True,True
439,477,0.1818873668188736,0.0003805175038051,0.4585235920852359,0.3002283105022831,1000000.0,technology,realtimedataanalytics&reporting,bangalore,privateequity,1000000.0,4040270.306255439,15.211822402696258,13.815511557963774,True,True
440,2226,0.0003805175038051,0.1997716894977169,0.4585235920852359,0.1997716894977169,6000000.0,readytocookpackagedfoods,unknown,mumbai,privateequity,6000000.0,4227763.541238878,15.257183934080649,15.607270193858982,True,True
441,196,0.3569254185692542,0.0003805175038051,0.0494672754946727,0.0190258751902587,437000.0,consumerinternet,onlineplatformthatconnectsbrandswithfreelancesalesprofessionals,gurugram,seed/angelfunding,437000.0,505001.2308987216,13.13231812586897,12.987690762404627,True,True
442,895,0.3569254185692542,0.0003805175038051,0.4284627092846271,0.1411719939117199,620000.0,consumerinternet,onlinesalondiscovery&bookingservices,newdelhi,seedfunding,620000.0,221967.74857927996,12.31029187877968,13.3374763699232,True,True
443,1320,0.3569254185692542,0.0003805175038051,0.4585235920852359,0.102359208523592,3000000.0,consumerinternet,healthtestdiscovery&orderingservice,gurgaon,privateequity,3000000.0,5049678.8579976,15.434835404786108,14.914123179965662,True,True
444,311,0.3569254185692542,0.0011415525114155,0.4585235920852359,0.0190258751902587,10000000.0,consumerinternet,onlinepharmacystore,gurugram,privateequity,10000000.0,4581972.797318259,15.337640423366889,16.118095750958314,True,True
445,2202,0.0003805175038051,0.1997716894977169,0.4284627092846271,0.0034246575342465,150000.0,onlinefoodorderingmarketplace,unknown,vadodara,seedfunding,150000.0,471113.7688964061,13.06285701400868,11.918397239722838,True,True
446,2512,0.0003805175038051,0.1997716894977169,0.4585235920852359,0.1411719939117199,12500000.0,businessanditconsulting,unknown,newdelhi,privateequity,12500000.0,4639616.706823551,15.350142530037346,16.341239282272525,True,True
447,1513,0.1137747336377473,0.0003805175038051,0.4585235920852359,0.1411719939117199,740000.0,ecommerce,onlinemerchandizeetailer,newdelhi,privateequity,740000.0,3192894.27263688,14.976438672110124,13.51440681653079,True,True
448,329,0.3569254185692542,0.0003805175038051,0.0494672754946727,0.1997716894977169,1000000.0,consumerinternet,healthcareaggregator,mumbai,seed/angelfunding,1000000.0,763422.2109510085,13.54556782353502,13.815511557963774,True,True
449,357,0.0011415525114155,0.0015220700152207,0.4585235920852359,0.3002283105022831,12500000.0,foodandbeverages,onlinefooddelivery,bangalore,privateequity,12500000.0,5259252.599368801,15.475499673384272,16.341239282272525,True,True
450,1416,0.3569254185692542,0.0003805175038051,0.4585235920852359,0.0403348554033485,2500000.0,consumerinternet,hyperlocalgrocerydeliveryplatform,pune,privateequity,2500000.0,5294323.780105567,15.482146008604008,14.731801689838347,True,True
451,767,0.1818873668188736,0.0003805175038051,0.4585235920852359,0.3002283105022831,4600000.0,technology,opensourcelanguagefordatascienceandmachinelearning,bangalore,privateequity,4600000.0,4040270.306255439,15.211822402696258,15.341567078850604,True,True
452,2273,0.0003805175038051,0.1997716894977169,0.4585235920852359,0.1997716894977169,12500000.0,fitnesstrackingmanagementsolutions,unknown,mumbai,privateequity,12500000.0,4227763.541238878,15.257183934080649,16.341239282272525,True,True
453,1439,0.1818873668188736,0.0003805175038051,0.4585235920852359,0.102359208523592,1500000.0,technology,agritechsupplychainsolutionprovider,gurgaon,privateequity,1500000.0,4212118.421932509,15.253476504619568,14.220976332738882,True,True
454,225,0.0235920852359208,0.0003805175038051,0.4585235920852359,0.0190258751902587,10000000.0,finance,creditbasedlendingmarketplaceforsmallandmediumenterprises,gurugram,privateequity,10000000.0,6874317.755433553,15.743303106488405,16.118095750958314,True,True
455,1803,0.3569254185692542,0.0003805175038051,0.4284627092846271,0.1411719939117199,450000.0,consumerinternet,childrenentertainmentgames&products,newdelhi,seedfunding,450000.0,221967.74857927996,12.31029187877968,13.017005083966255,True,True
456,1663,0.3569254185692542,0.0007610350076103,0.4284627092846271,0.0403348554033485,145000.0,consumerinternet,healthserviceaggregatorplatform,pune,seedfunding,145000.0,282531.95898890065,12.551550491750596,11.884495917930655,True,True
457,2042,0.3569254185692542,0.0003805175038051,0.4284627092846271,0.1411719939117199,240000.0,consumerinternet,intercitycabaggregator,newdelhi,seedfunding,240000.0,221967.74857927996,12.31029187877968,12.388398368982116,True,True
458,1392,0.1818873668188736,0.0003805175038051,0.4284627092846271,0.3002283105022831,1000000.0,technology,mobileappdevelopmentcompany,bangalore,seedfunding,1000000.0,369353.2753452152,12.819511558211984,13.815511557963774,True,True
459,307,0.0235920852359208,0.0079908675799086,0.4585235920852359,0.3002283105022831,12500000.0,finance,onlinelendingplatform,bangalore,privateequity,12500000.0,10960162.66326776,16.209777772152556,16.341239282272525,True,True
460,1422,0.3569254185692542,0.0003805175038051,0.4284627092846271,0.1997716894977169,890000.0,consumerinternet,mobilebasedbollywooddiscoveryplatform,mumbai,seedfunding,890000.0,305152.3305704844,12.6285696524485,13.698977865303196,True,True
461,1870,0.3569254185692542,0.0003805175038051,0.4284627092846271,0.3002283105022831,250000.0,consumerinternet,onlineinvestmentmanagementportal,bangalore,seedfunding,250000.0,388657.6535537877,12.870456740083428,12.429220196836384,True,True
462,2400,0.0003805175038051,0.1997716894977169,0.4284627092846271,0.3002283105022831,400000.0,governmenttestpreparationplatform,unknown,bangalore,seedfunding,400000.0,520682.9585600806,13.162898531225078,12.899222326086994,True,True
463,1214,0.1818873668188736,0.0003805175038051,0.4585235920852359,0.3002283105022831,4000000.0,technology,mobilegamingportal,bangalore,privateequity,4000000.0,4040270.306255439,15.211822402696258,15.201805169084134,True,True
464,1698,0.0277777777777777,0.0003805175038051,0.4585235920852359,0.0357686453576864,150000.0,healthcare,seniorhealthcareservices,hyderabad,privateequity,150000.0,4421487.77113275,15.301987023388856,11.918397239722838,True,True
465,156,0.3569254185692542,0.0003805175038051,0.4585235920852359,0.1997716894977169,12500000.0,consumerinternet,onlinemarketplaceformultibrandbeautycosmeticandwellnessproducts,mumbai,privateequity,12500000.0,4676487.321310677,15.358058027539538,16.341239282272525,True,True
466,150,0.0015220700152207,0.0003805175038051,0.0053272450532724,0.3002283105022831,12000000.0,logisticstech,booktrucksonline,bangalore,seriesc,12000000.0,9448132.121144105,16.061327726635614,16.300417291085605,True,True
467,1981,0.3569254185692542,0.0003805175038051,0.4585235920852359,0.1411719939117199,3000000.0,consumerinternet,hyperlocaldiscovermobileapp,newdelhi,privateequity,3000000.0,4129568.029008727,15.23368360816263,14.914123179965662,True,True
468,2391,0.0003805175038051,0.1997716894977169,0.4585235920852359,0.3002283105022831,12500000.0,smallbusinessfinancing(nbfc),unknown,bangalore,privateequity,12500000.0,5787616.634954608,15.571231302864163,16.341239282272525,True,True
469,308,0.3569254185692542,0.0007610350076103,0.0494672754946727,0.0129375951293759,246000.0,consumerinternet,onlinetravelmarketplace,delhi,seed/angelfunding,246000.0,560621.5644798575,13.236803167491193,12.413090879946887,True,True
470,1323,0.3569254185692542,0.0003805175038051,0.4284627092846271,0.1997716894977169,500000.0,consumerinternet,creditreportinfoplatform,mumbai,seedfunding,500000.0,305152.3305704844,12.6285696524485,13.122365377402328,True,True
471,2534,0.0003805175038051,0.1997716894977169,0.4284627092846271,0.0334855403348554,1000000.0,deeplearningcloudalgorithms,unknown,chennai,seedfunding,1000000.0,401417.7236099523,12.9027603600212,13.815511557963774,True,True
472,296,0.3569254185692542,0.0003805175038051,0.0494672754946727,0.0129375951293759,500000.0,consumerinternet,onlineplatformforluxuryhotelstayforbusinesstravelers,delhi,seed/angelfunding,500000.0,498550.5538195137,13.119462280929474,13.122365377402328,True,True
473,1825,0.1818873668188736,0.0003805175038051,0.4585235920852359,0.3002283105022831,1400000.0,technology,industrialrobotsmaker,bangalore,privateequity,1400000.0,4040270.306255439,15.211822402696258,14.151983508870948,True,True
474,529,0.1137747336377473,0.0003805175038051,0.4585235920852359,0.3002283105022831,9200000.0,ecommerce,ecommerceportalforusedgoods,bangalore,privateequity,9200000.0,4671941.609480367,15.357085519485036,16.034714150714915,True,True
475,147,0.0011415525114155,0.0003805175038051,0.0007610350076103,0.102359208523592,3000000.0,automobile,newandusedcarsplatform,gurgaon,seriese,3000000.0,5002790.830556885,15.425506680681398,14.914123179965662,True,True
476,2495,0.0003805175038051,0.1997716894977169,0.4284627092846271,0.102359208523592,630000.0,fastfoodchainfranchisee,unknown,gurgaon,seedfunding,630000.0,303777.92114576325,12.624055482752969,13.353476685668044,True,True
477,506,0.1818873668188736,0.0003805175038051,0.0494672754946727,0.1997716894977169,250000.0,technology,aibasedpharmacydrugsinsightsplatform,mumbai,seed/angelfunding,250000.0,424549.5597096501,12.958786381786432,12.429220196836384,True,True
478,2163,0.0007610350076103,0.1997716894977169,0.4585235920852359,0.3002283105022831,12500000.0,homeservicesmarketplace,unknown,bangalore,privateequity,12500000.0,5787616.634954608,15.571231302864163,16.341239282272525,True,True
479,1258,0.3569254185692542,0.0003805175038051,0.4284627092846271,0.1997716894977169,500000.0,consumerinternet,onlinecarrepairmarketplace,mumbai,seedfunding,500000.0,305152.3305704844,12.6285696524485,13.122365377402328,True,True
480,2422,0.0003805175038051,0.1997716894977169,0.4585235920852359,0.3002283105022831,10000000.0,foodsubscriptionplatform,unknown,bangalore,privateequity,10000000.0,5787616.634954608,15.571231302864163,16.118095750958314,True,True
481,2364,0.0003805175038051,0.1997716894977169,0.4284627092846271,0.1997716894977169,77000.0,locationbasednightliferecommendationplatform,unknown,mumbai,seedfunding,77000.0,368608.0431572448,12.817491857713016,11.251573687764475,True,True
482,384,0.0072298325722983,0.0019025875190258,0.4585235920852359,0.0129375951293759,772500.0,edtech,education,delhi,privateequity,772500.0,3196465.134519237,14.977556424582268,13.557388582251582,True,True
483,2785,0.0003805175038051,0.1997716894977169,0.4585235920852359,0.1411719939117199,1000000.0,offlineteachain,unknown,newdelhi,privateequity,1000000.0,4639616.706823551,15.350142530037346,13.815511557963774,True,True
484,302,0.1818873668188736,0.0007610350076103,0.4585235920852359,0.0190258751902587,12500000.0,technology,mobilebalancecheckingapp,gurugram,privateequity,12500000.0,3621846.945365768,15.102494935695509,16.341239282272525,True,True
485,2195,0.0003805175038051,0.1997716894977169,0.4585235920852359,0.102359208523592,6600000.0,mobilewallet,unknown,gurgaon,privateequity,6600000.0,4842031.854230991,15.392845201717549,15.702580358511794,True,True
486,1130,0.3569254185692542,0.0003805175038051,0.4585235920852359,0.1411719939117199,9000000.0,consumerinternet,selfdrivencarservicesbookingportal,newdelhi,privateequity,9000000.0,4129568.029008727,15.23368360816263,16.012735246411598,True,True
487,758,0.1818873668188736,0.0003805175038051,0.4585235920852359,0.3002283105022831,12500000.0,technology,cloudbasedproductdiscoveryplatform,bangalore,privateequity,12500000.0,4040270.306255439,15.211822402696258,16.341239282272525,True,True
488,237,0.0277777777777777,0.0003805175038051,0.0494672754946727,0.0190258751902587,300000.0,healthcare,anonlineplatformthatconnectsayurvedadoctorswithpatients,gurugram,seed/angelfunding,300000.0,570504.5261131834,13.254278134675888,12.611541086966117,True,True
489,994,0.1818873668188736,0.0003805175038051,0.4585235920852359,0.0403348554033485,12500000.0,technology,erpsolutionsprovider,pune,privateequity,12500000.0,4416185.542396807,15.300787108437463,16.341239282272525,True,True
490,16,0.1137747336377473,0.0003805175038051,0.0003805175038051,0.0011415525114155,12500000.0,ecommerce,onlineeyewearshoppingportal,faridabad,seriesg,12500000.0,4545325.922095764,15.329610213060947,16.341239282272525,True,True
491,2543,0.0003805175038051,0.1997716894977169,0.4284627092846271,0.0357686453576864,600000.0,onlinemarketplaceforphotographers,unknown,hyderabad,seedfunding,600000.0,407003.6357714562,12.916579854461723,13.304686600863562,True,True
492,1967,0.0091324200913242,0.0003805175038051,0.4585235920852359,0.1411719939117199,5000000.0,education,privatecoachingclasses,newdelhi,privateequity,5000000.0,4470546.472873385,15.31302143624292,15.424948670398354,True,True
493,1335,0.1818873668188736,0.0003805175038051,0.4284627092846271,0.0334855403348554,100000.0,technology,electricbikemanufacturer,chennai,seedfunding,100000.0,308851.6249326195,12.640619500141254,11.51293546492023,True,True
494,119,0.0011415525114155,0.0003805175038051,0.4284627092846271,0.0129375951293759,700000.0,socialmedia,hyperlocalcontent,delhi,seedfunding,700000.0,298777.07527769066,12.607456353637312,13.45883704259595,True,True
495,635,0.3569254185692542,0.0003805175038051,0.4284627092846271,0.1997716894977169,500000.0,consumerinternet,diyecommerceplatform,mumbai,seedfunding,500000.0,305152.3305704844,12.6285696524485,13.122365377402328,True,True
496,1351,0.3569254185692542,0.0007610350076103,0.4284627092846271,0.1411719939117199,500000.0,consumerinternet,onlinedoctorconsultingplatform,newdelhi,seedfunding,500000.0,239828.66136857332,12.387684206038797,13.122365377402328,True,True
497,2168,0.0003805175038051,0.1997716894977169,0.4284627092846271,0.3002283105022831,1700000.0,datascience&uxdesignlearningplatform,unknown,bangalore,seedfunding,1700000.0,520682.9585600806,13.162898531225078,14.346139397261563,True,True
498,1429,0.1137747336377473,0.0003805175038051,0.4284627092846271,0.102359208523592,445000.0,ecommerce,"originalart,digitalprintsetailer",gurgaon,seedfunding,445000.0,222073.3976063064,12.310767729065525,13.005831808336865,True,True
499,1327,0.3569254185692542,0.0003805175038051,0.4284627092846271,0.1411719939117199,1000000.0,consumerinternet,socialmediamarketingplatform,newdelhi,seedfunding,1000000.0,221967.74857927996,12.31029187877968,13.815511557963774,True,True
500,2264,0.0003805175038051,0.1997716894977169,0.4284627092846271,0.3002283105022831,100000.0,healthcareservicesdiscoveryplatform,unknown,bangalore,seedfunding,100000.0,520682.9585600806,13.162898531225078,11.51293546492023,True,True
501,1249,0.1137747336377473,0.0003805175038051,0.4284627092846271,0.3002283105022831,963000.0,ecommerce,hyperlocalshoppingapp,bangalore,seedfunding,963000.0,385512.708558319,12.862332031815829,13.777809729201325,True,True
502,772,0.1818873668188736,0.0003805175038051,0.4585235920852359,0.0357686453576864,5000000.0,technology,gesturebasedsmartwatchmanufacturer,hyderabad,privateequity,5000000.0,4490572.683236457,15.31749102065164,15.424948670398354,True,True
503,490,0.1818873668188736,0.0003805175038051,0.4585235920852359,0.3002283105022831,12500000.0,technology,bigdatabasedanalyticsplatform,bangalore,privateequity,12500000.0,4040270.306255439,15.211822402696258,16.341239282272525,True,True
504,837,0.3569254185692542,0.0003805175038051,0.4585235920852359,0.102359208523592,6600000.0,consumerinternet,hyperlocaldiscoveryplatform,gurgaon,privateequity,6600000.0,5049678.8579976,15.434835404786108,15.702580358511794,True,True
505,2804,0.0003805175038051,0.1997716894977169,0.4585235920852359,0.1411719939117199,5000000.0,affordablehotelbookingonline,unknown,newdelhi,privateequity,5000000.0,4639616.706823551,15.350142530037346,15.424948670398354,True,True
506,1442,0.1818873668188736,0.0003805175038051,0.4284627092846271,0.102359208523592,500000.0,technology,dataanalytics&audiencemanagementplatform,gurgaon,seedfunding,500000.0,224357.32577074287,12.320999721349567,13.122365377402328,True,True
507,883,0.3569254185692542,0.0003805175038051,0.4585235920852359,0.3002283105022831,4500000.0,consumerinternet,onlineskillassessmentplatform,bangalore,privateequity,4500000.0,4664789.236367078,15.35555342584362,15.319588176962746,True,True
508,1157,0.1818873668188736,0.0003805175038051,0.4585235920852359,0.0357686453576864,12500000.0,technology,clouddatacentersolutionsprovider,hyderabad,privateequity,12500000.0,4490572.683236457,15.31749102065164,16.341239282272525,True,True
509,530,0.1137747336377473,0.0003805175038051,0.4585235920852359,0.1411719939117199,3100000.0,ecommerce,mobilerepairandrefurbishmentplatform,newdelhi,privateequity,3100000.0,3192894.27263688,14.976438672110124,14.946912992035967,True,True
510,1061,0.3569254185692542,0.0003805175038051,0.4585235920852359,0.102359208523592,10000000.0,consumerinternet,propertysearchaggregatorplatform,gurgaon,privateequity,10000000.0,5049678.8579976,15.434835404786108,16.118095750958314,True,True
511,1554,0.1818873668188736,0.0003805175038051,0.4585235920852359,0.3002283105022831,1000000.0,technology,payroll&benefitssoftwaresolutions,bangalore,privateequity,1000000.0,4040270.306255439,15.211822402696258,13.815511557963774,True,True
512,1991,0.3569254185692542,0.0003805175038051,0.4585235920852359,0.3002283105022831,10000000.0,consumerinternet,peertopeerpropertylistingplatform,bangalore,privateequity,10000000.0,4664789.236367078,15.35555342584362,16.118095750958314,True,True
513,2143,0.0003805175038051,0.1997716894977169,0.4284627092846271,0.1411719939117199,500000.0,internetnetworkinfrastructureservices,unknown,newdelhi,seedfunding,500000.0,314866.1952260848,12.659906226451591,13.122365377402328,True,True
514,1648,0.1818873668188736,0.0003805175038051,0.4284627092846271,0.0136986301369863,300000.0,technology,gpsbasedsaassolutions,ahmedabad,seedfunding,300000.0,243670.35350919008,12.40357568452666,12.611541086966117,True,True
515,1908,0.3569254185692542,0.0003805175038051,0.4284627092846271,0.0007610350076103,22500.0,consumerinternet,marketingautomationplatform,unknown,seedfunding,22500.0,186048.08870508737,12.133765835644455,10.021315031649332,True,True
516,774,0.3569254185692542,0.0003805175038051,0.4585235920852359,0.0323439878234398,4000000.0,consumerinternet,holiday&vacationresortaggregator,noida,privateequity,4000000.0,4369918.962503391,15.290255251687432,15.201805169084134,True,True
517,541,0.3569254185692542,0.0007610350076103,0.4585235920852359,0.102359208523592,4500000.0,consumerinternet,onlinerestaurantreservationplatform,gurgaon,privateequity,4500000.0,4623956.545893513,15.3467615080408,15.319588176962746,True,True
518,2385,0.0003805175038051,0.1997716894977169,0.4585235920852359,0.102359208523592,900000.0,luxurygoodsshoppingplatform,unknown,gurgaon,privateequity,900000.0,4842031.854230991,15.392845201717549,13.71015115341694,True,True
519,2612,0.0003805175038051,0.1997716894977169,0.4585235920852359,0.0357686453576864,10000000.0,onlinecomparisonengine,unknown,hyderabad,privateequity,10000000.0,4971133.975945398,15.419158737382777,16.118095750958314,True,True
520,389,0.0030441400304414,0.0011415525114155,0.0494672754946727,0.3002283105022831,1400000.0,it,saas,bangalore,seed/angelfunding,1400000.0,1040471.7808257526,13.855185764767509,14.151983508870948,True,True
521,2405,0.0003805175038051,0.1997716894977169,0.4284627092846271,0.3002283105022831,315000.0,nonprofitorganizationtoalleviatepoverty,unknown,bangalore,seedfunding,315000.0,520682.9585600806,13.162898531225078,12.660331092405906,True,True
522,1631,0.1137747336377473,0.0003805175038051,0.4585235920852359,0.1997716894977169,6000000.0,ecommerce,womenlingeriestore,mumbai,privateequity,6000000.0,3615760.6808838393,15.100813091487032,15.607270193858982,True,True
523,860,0.1818873668188736,0.0003805175038051,0.4585235920852359,0.3002283105022831,6100000.0,technology,fintechsolutions,bangalore,privateequity,6100000.0,4040270.306255439,15.211822402696258,15.623799493077952,True,True
524,824,0.1818873668188736,0.0015220700152207,0.4585235920852359,0.1997716894977169,3000000.0,technology,onlinepaymentgateway,mumbai,privateequity,3000000.0,3541359.2331100097,15.080021457947367,14.914123179965662,True,True
525,1310,0.1818873668188736,0.0003805175038051,0.4585235920852359,0.0323439878234398,2500000.0,technology,solarenergyharnessingproductsmarketplace,noida,privateequity,2500000.0,3746184.18864361,15.136248597134658,14.731801689838347,True,True
526,149,0.0015220700152207,0.0003805175038051,0.0003805175038051,0.3002283105022831,12500000.0,logisticstech,largesttruckingplatform,bangalore,privatefunding,12500000.0,2503209.2648533327,14.733084572020848,16.341239282272525,True,True
527,140,0.0003805175038051,0.0003805175038051,0.0091324200913242,0.1997716894977169,3400000.0,financialtech,digitalonboardingsolution,mumbai,seriesa,3400000.0,4108701.3692865446,15.228617811386297,15.039286283703994,True,True
528,1491,0.1818873668188736,0.0003805175038051,0.4284627092846271,0.102359208523592,149000.0,technology,assessment&learningplatform,gurgaon,seedfunding,149000.0,224357.32577074287,12.320999721349567,11.91170829631447,True,True
529,2658,0.0003805175038051,0.1997716894977169,0.4284627092846271,0.3002283105022831,168000.0,educationalboardgames,unknown,bangalore,seedfunding,168000.0,520682.9585600806,13.162898531225078,12.031725210748633,True,True
530,1042,0.0121765601217656,0.0003805175038051,0.4585235920852359,0.3002283105022831,12500000.0,logistics,onlinefreightaggregator,bangalore,privateequity,12500000.0,6234774.99466784,15.645653209372748,16.341239282272525,True,True
531,917,0.3569254185692542,0.0003805175038051,0.4585235920852359,0.1997716894977169,3600000.0,consumerinternet,ondemandfooddelivery,mumbai,privateequity,3600000.0,4676487.321310677,15.358058027539538,15.096444681204078,True,True
532,1023,0.3569254185692542,0.0003805175038051,0.4585235920852359,0.1997716894977169,3000000.0,consumerinternet,onlinemarketplaceforusedcars,mumbai,privateequity,3000000.0,4676487.321310677,15.358058027539538,14.914123179965662,True,True
533,1639,0.1818873668188736,0.0003805175038051,0.4284627092846271,0.3002283105022831,500000.0,technology,clouddatasecurity&privacysolutions,bangalore,seedfunding,500000.0,369353.2753452152,12.819511558211984,13.122365377402328,True,True
534,1301,0.3569254185692542,0.0003805175038051,0.4284627092846271,0.0357686453576864,227000.0,consumerinternet,motorbikerentalplatform,hyderabad,seedfunding,227000.0,340125.97460600326,12.737074281599025,12.33270970174018,True,True
535,2041,0.3569254185692542,0.0003805175038051,0.4284627092846271,0.3002283105022831,100000.0,consumerinternet,peertopeerrentingmarketplace,bangalore,seedfunding,100000.0,388657.6535537877,12.870456740083428,11.51293546492023,True,True
536,659,0.1818873668188736,0.0003805175038051,0.4585235920852359,0.0334855403348554,6800000.0,technology,speechrecognitionstartup,chennai,privateequity,6800000.0,4490572.683236457,15.31749102065164,15.732433317205148,True,True
537,979,0.3569254185692542,0.0003805175038051,0.4585235920852359,0.102359208523592,300000.0,consumerinternet,ondemandpersonalassistantservice,gurgaon,privateequity,300000.0,5049678.8579976,15.434835404786108,12.611541086966117,True,True
538,626,0.1818873668188736,0.0003805175038051,0.4585235920852359,0.1997716894977169,1600000.0,technology,geospatialtechnologybasedsaassolutions,mumbai,privateequity,1600000.0,3864447.0403260384,15.167329420057907,14.285514812209817,True,True
539,344,0.3569254185692542,0.0007610350076103,0.0494672754946727,0.0129375951293759,1000000.0,consumerinternet,onlineloanplatform,delhi,seed/angelfunding,1000000.0,560621.5644798575,13.236803167491193,13.815511557963774,True,True
540,989,0.3569254185692542,0.0003805175038051,0.4284627092846271,0.1997716894977169,155000.0,consumerinternet,offlinebusinessaggregatorapp,mumbai,seedfunding,155000.0,305152.3305704844,12.6285696524485,11.951186847493476,True,True
541,812,0.3569254185692542,0.0003805175038051,0.4284627092846271,0.3002283105022831,600000.0,consumerinternet,communitybuildingplatform,bangalore,seedfunding,600000.0,388657.6535537877,12.870456740083428,13.304686600863562,True,True
542,28,0.0277777777777777,0.0003805175038051,0.0076103500761035,0.1997716894977169,12500000.0,healthcare,b2bplatformformedicalsupplies,mumbai,seriesb,12500000.0,8093958.627049308,15.906628616395786,16.341239282272525,True,True
543,734,0.1818873668188736,0.0003805175038051,0.4585235920852359,0.0357686453576864,1500000.0,technology,crmsoftwareforhealthcarespace,hyderabad,privateequity,1500000.0,4490572.683236457,15.31749102065164,14.220976332738882,True,True
544,2860,0.0003805175038051,0.1997716894977169,0.4284627092846271,0.01103500761035,400000.0,interactiveeducationalgames,unknown,jaipur,seedfunding,400000.0,365800.2043318144,12.80984530725665,12.899222326086994,True,True
545,424,0.1818873668188736,0.0003805175038051,0.0030441400304414,0.3002283105022831,500000.0,technology,virtualreality,bangalore,angel/seedfunding,500000.0,637366.5500615459,13.365101769819322,13.122365377402328,True,True
546,1917,0.1818873668188736,0.0003805175038051,0.4585235920852359,0.3002283105022831,12500000.0,technology,safedrivingdata&analyticsplatform,bangalore,privateequity,12500000.0,4040270.306255439,15.211822402696258,16.341239282272525,True,True
547,2654,0.0003805175038051,0.1997716894977169,0.4585235920852359,0.102359208523592,1200000.0,innovativewatersolutions,unknown,gurgaon,privateequity,1200000.0,4842031.854230991,15.392845201717549,13.997832948091215,True,True
548,242,0.0277777777777777,0.0003805175038051,0.4585235920852359,0.0034246575342465,12500000.0,healthcare,prostheticsmanufacturers,chandigarh,privateequity,12500000.0,3317613.7893122258,15.01475664573902,16.341239282272525,True,True
549,1009,0.1137747336377473,0.0019025875190258,0.4585235920852359,0.3002283105022831,500000.0,ecommerce,onlinefooddeliveryplatform,bangalore,privateequity,500000.0,5427720.213137275,15.50702993773676,13.122365377402328,True,True
550,94,0.0011415525114155,0.0003805175038051,0.0053272450532724,0.3002283105022831,12500000.0,automobile,electricvehicle,bangalore,seriesc,12500000.0,7764234.300021684,15.865038529357616,16.341239282272525,True,True
551,305,0.3569254185692542,0.0007610350076103,0.4585235920852359,0.1997716894977169,11000000.0,consumerinternet,beautyetailer,mumbai,privateequity,11000000.0,4282227.590662008,15.26998413079423,16.213405921671733,True,True
552,27,0.1137747336377473,0.0003805175038051,0.4284627092846271,0.0129375951293759,12500000.0,ecommerce,virtualecommerceplatform,delhi,seedfunding,12500000.0,234560.49476616897,12.36547307029897,16.341239282272525,True,True
553,1044,0.1818873668188736,0.0003805175038051,0.4284627092846271,0.0003805175038051,825000.0,technology,iot&saassolutionsfortransportationindustry,panaji,seedfunding,825000.0,109206.96421956454,11.601009272047095,13.623139877437296,True,True
554,455,0.1137747336377473,0.0003805175038051,0.4585235920852359,0.3002283105022831,10000000.0,ecommerce,onlinefurnituremarketplace,bangalore,privateequity,10000000.0,4671941.609480367,15.357085519485036,16.118095750958314,True,True
555,890,0.3569254185692542,0.0003805175038051,0.4284627092846271,0.01103500761035,310000.0,consumerinternet,mobileappforschools,jaipur,seedfunding,310000.0,249233.5987030873,12.42614989535564,12.644330802262578,True,True
556,1762,0.3569254185692542,0.0003805175038051,0.4284627092846271,0.3002283105022831,1000000.0,consumerinternet,ondemandtaskmanagementapp,bangalore,seedfunding,1000000.0,388657.6535537877,12.870456740083428,13.815511557963774,True,True
557,679,0.1137747336377473,0.0003805175038051,0.4585235920852359,0.102359208523592,12500000.0,ecommerce,onlinemarketplaceforautomobiles,gurgaon,privateequity,12500000.0,3910929.645397477,15.17928592036576,16.341239282272525,True,True
558,1875,0.0083713850837138,0.0003805175038051,0.4585235920852359,0.0357686453576864,1500000.0,food&beverage,quickservicerestaurantchain,hyderabad,privateequity,1500000.0,4558474.950292353,15.332498904199024,14.220976332738882,True,True
559,2345,0.0003805175038051,0.1997716894977169,0.4585235920852359,0.3002283105022831,7000000.0,lastmiledeliveryservice,unknown,bangalore,privateequity,7000000.0,5787616.634954608,15.571231302864163,15.76142084987672,True,True
560,2815,0.0003805175038051,0.1997716894977169,0.4585235920852359,0.1997716894977169,12500000.0,onlineclassifieds,unknown,mumbai,privateequity,12500000.0,4227763.541238878,15.257183934080649,16.341239282272525,True,True
561,117,0.002283105022831,0.0003805175038051,0.0045662100456621,0.0019025875190258,12500000.0,healthandwellness,specialtypharmaceutical,india,seriesd,12500000.0,15608586.231604338,16.563331784334654,16.341239282272525,True,True
562,2327,0.0003805175038051,0.1997716894977169,0.4284627092846271,0.0136986301369863,100000.0,cloudbasedcollaborationplatform,unknown,ahmedabad,seedfunding,100000.0,358487.2912943926,12.789651278221768,11.51293546492023,True,True
563,1669,0.3569254185692542,0.0003805175038051,0.4284627092846271,0.1997716894977169,180000.0,consumerinternet,cardriverdiscoveryapp,mumbai,seedfunding,180000.0,305152.3305704844,12.6285696524485,12.100717685412471,True,True
564,1115,0.1818873668188736,0.0003805175038051,0.4585235920852359,0.0323439878234398,1200000.0,technology,healthcaresoftwaresystem,noida,privateequity,1200000.0,3746184.18864361,15.136248597134658,13.997832948091215,True,True
565,655,0.1818873668188736,0.0003805175038051,0.4284627092846271,0.1997716894977169,312000.0,technology,personalloans&emisolutionsplatform,mumbai,seedfunding,312000.0,279713.1884610722,12.54152360532953,12.650761671914688,True,True
566,1736,0.3569254185692542,0.0007610350076103,0.4585235920852359,0.1997716894977169,8900000.0,consumerinternet,paymentgateway,mumbai,privateequity,8900000.0,4282227.590662008,15.26998413079423,16.001561947061912,True,True
567,495,0.1818873668188736,0.0003805175038051,0.4284627092846271,0.3002283105022831,900000.0,technology,bankingsoftwarelicenseplatform,bangalore,seedfunding,900000.0,369353.2753452152,12.819511558211984,13.71015115341694,True,True
568,1630,0.0011415525114155,0.0003805175038051,0.4284627092846271,0.0334855403348554,150000.0,fmcg,beautyproducts&trainingtosalons&spas,chennai,seedfunding,150000.0,383599.1504479422,12.8573560141914,11.918397239722838,True,True
569,497,0.1818873668188736,0.0003805175038051,0.4585235920852359,0.0129375951293759,3000000.0,technology,wifianalyticsplatform,delhi,privateequity,3000000.0,2484038.1082926528,14.725396465990736,14.914123179965662,True,True
570,1888,0.1818873668188736,0.0003805175038051,0.4284627092846271,0.0334855403348554,300000.0,technology,roboticclassesforstudents,chennai,seedfunding,300000.0,308851.6249326195,12.640619500141254,12.611541086966117,True,True
571,1144,0.3569254185692542,0.0079908675799086,0.4585235920852359,0.102359208523592,10000000.0,consumerinternet,onlinelendingplatform,gurgaon,privateequity,10000000.0,6678308.311948999,15.714375416464753,16.118095750958314,True,True
572,440,0.1137747336377473,0.0003805175038051,0.4585235920852359,0.0129375951293759,1500000.0,ecommerce,onlineplatformsellingindianteaglobally,delhi,privateequity,1500000.0,2306416.1975756525,14.65120588173693,14.220976332738882,True,True
573,1294,0.3569254185692542,0.0003805175038051,0.4284627092846271,0.1411719939117199,25000.0,consumerinternet,onlinenewsportal,newdelhi,seedfunding,25000.0,221967.74857927996,12.31029187877968,10.12667110305036,True,True
574,1474,0.0091324200913242,0.0003805175038051,0.4585235920852359,0.0323439878234398,900000.0,education,edutainmentplatform,noida,privateequity,900000.0,3803352.540631898,15.151393746205612,13.71015115341694,True,True
575,351,0.0011415525114155,0.0003805175038051,0.4585235920852359,0.0190258751902587,12500000.0,foodandbeverages,foodorderingandrestaurantdiscovery,gurugram,privateequity,12500000.0,3890068.61080609,15.173937610243282,16.341239282272525,True,True
576,1355,0.1137747336377473,0.0003805175038051,0.4284627092846271,0.3002283105022831,200000.0,ecommerce,onlineconstructionmaterialsmarketplace,bangalore,seedfunding,200000.0,385512.708558319,12.862332031815829,12.206077645517674,True,True
577,1711,0.3569254185692542,0.0003805175038051,0.4284627092846271,0.0007610350076103,100000.0,consumerinternet,onlinehealthondemandplatform,trivandrum,seedfunding,100000.0,186048.08870508737,12.133765835644455,11.51293546492023,True,True
578,2872,0.0003805175038051,0.1997716894977169,0.4585235920852359,0.0323439878234398,8000000.0,onlinetravelmarketplace,unknown,noida,privateequity,8000000.0,5057114.682548205,15.436306855526835,15.894952224644102,True,True
579,2296,0.0003805175038051,0.1997716894977169,0.4585235920852359,0.1997716894977169,6000000.0,mobilepaymentsapp,unknown,mumbai,privateequity,6000000.0,4227763.541238878,15.257183934080649,15.607270193858982,True,True
580,115,0.0007610350076103,0.0003805175038051,0.0007610350076103,0.102359208523592,12500000.0,hospitality,budgetrooms,gurgaon,equity,12500000.0,8081444.516396262,15.905081315040576,16.341239282272525,True,True
581,648,0.1818873668188736,0.0003805175038051,0.4284627092846271,0.102359208523592,783000.0,technology,agriculturesupplychainsolutions,gurgaon,seedfunding,783000.0,224357.32577074287,12.320999721349567,13.570889252111332,True,True
